month,client_type,primary_state,risk_tier,earned_premium,incurred_loss,avg_risk_score,fleets,loss_ratio
2024-01-01,autonomous_taxi,AZ,Low,1179981.83,0.0,27.7225,4,0.0
2024-01-01,autonomous_taxi,CO,Low,1741528.6600000001,0.0,25.363333333333333,3,0.0
2024-01-01,autonomous_taxi,FL,Low,640922.8300000001,0.0,22.740000000000002,2,0.0
2024-01-01,autonomous_taxi,GA,Low,708524.22,0.0,31.089999999999996,2,0.0
2024-01-01,autonomous_taxi,GA,Medium,269882.06,0.0,39.41,1,0.0
2024-01-01,autonomous_taxi,IL,Low,608325.91,0.0,24.025,2,0.0
2024-01-01,autonomous_taxi,NV,Low,756767.98,0.0,22.055,2,0.0
2024-01-01,autonomous_taxi,NY,Low,793272.28,0.0,26.785,2,0.0
2024-01-01,autonomous_taxi,TX,Low,259105.12,0.0,24.36,1,0.0
2024-01-01,delivery,AZ,Low,823774.12,0.0,27.3,3,0.0
2024-01-01,delivery,CA,Low,929394.47,0.0,27.46666666666667,3,0.0
2024-01-01,delivery,GA,Low,265753.48,0.0,30.275,2,0.0
2024-01-01,delivery,IL,Low,1048524.87,0.0,28.518,5,0.0
2024-01-01,delivery,NY,Low,411390.14,0.0,25.53,1,0.0
2024-01-01,delivery,TX,Low,300793.01,0.0,21.55,1,0.0
2024-01-01,logistics,CA,Low,417275.71,0.0,21.9,1,0.0
2024-01-01,logistics,CO,Low,972174.77,0.0,24.134999999999998,4,0.0
2024-01-01,logistics,FL,Low,774907.2100000001,0.0,31.743333333333336,3,0.0
2024-01-01,logistics,GA,Low,1733252.2899999998,0.0,25.724999999999998,4,0.0
2024-01-01,logistics,IL,Low,575515.21,0.0,24.179999999999996,3,0.0
2024-01-01,logistics,NY,Low,358465.5,0.0,28.29,1,0.0
2024-01-01,mixed_mobility,CA,Medium,247888.19,0.0,35.45,1,0.0
2024-01-01,mixed_mobility,FL,Low,97802.57,0.0,29.98,1,0.0
2024-01-01,mixed_mobility,GA,Low,103660.63,0.0,29.66,1,0.0
2024-01-01,mixed_mobility,NV,Low,701742.31,0.0,21.735,2,0.0
2024-01-01,mixed_mobility,NY,Low,1241229.5,0.0,26.30666666666667,3,0.0
2024-01-01,mixed_mobility,TX,Low,80041.07,0.0,24.77,1,0.0
2024-01-01,mixed_mobility,TX,Medium,185169.29,0.0,40.57,1,0.0
2024-01-01,mixed_mobility,WA,Low,166429.8,0.0,26.1,1,0.0
2024-01-01,rideshare,AZ,Low,458724.25,0.0,26.64,1,0.0
2024-01-01,rideshare,CA,Low,307290.43,0.0,18.91,1,0.0
2024-01-01,rideshare,CO,Low,1072523.79,0.0,25.72,4,0.0
2024-01-01,rideshare,FL,Low,649283.81,0.0,26.55,2,0.0
2024-01-01,rideshare,GA,Low,1306367.03,0.0,27.536666666666665,3,0.0
2024-01-01,rideshare,IL,Low,444158.55,0.0,27.445,2,0.0
2024-01-01,rideshare,NV,Low,1144830.54,0.0,24.38,3,0.0
2024-01-01,rideshare,TX,Low,1314186.61,0.0,26.42,3,0.0
2024-02-01,autonomous_taxi,AZ,Low,1179981.83,0.0,27.355,4,0.0
2024-02-01,autonomous_taxi,CO,Low,1741528.6600000001,0.0,24.913333333333338,3,0.0
2024-02-01,autonomous_taxi,FL,Low,640922.8300000001,0.0,22.78,2,0.0
2024-02-01,autonomous_taxi,GA,Low,708524.22,0.0,31.85,2,0.0
2024-02-01,autonomous_taxi,GA,Medium,269882.06,0.0,38.22,1,0.0
2024-02-01,autonomous_taxi,IL,Low,608325.91,0.0,24.64,2,0.0
2024-02-01,autonomous_taxi,NV,Low,756767.98,0.0,22.380000000000003,2,0.0
2024-02-01,autonomous_taxi,NY,Low,793272.28,0.0,27.735,2,0.0
2024-02-01,autonomous_taxi,TX,Low,259105.12,0.0,23.46,1,0.0
2024-02-01,delivery,AZ,Low,823774.12,0.0,26.243333333333336,3,0.0
2024-02-01,delivery,CA,Low,929394.47,0.0,27.793333333333333,3,0.0
2024-02-01,delivery,GA,Low,265753.48,0.0,30.990000000000002,2,0.0
2024-02-01,delivery,IL,Low,1048524.87,0.0,27.796,5,0.0
2024-02-01,delivery,NY,Low,411390.14,0.0,23.75,1,0.0
2024-02-01,delivery,TX,Low,300793.01,0.0,20.87,1,0.0
2024-02-01,logistics,CA,Low,417275.71,0.0,21.2,1,0.0
2024-02-01,logistics,CO,Low,972174.77,0.0,23.465,4,0.0
2024-02-01,logistics,FL,Low,774907.2100000001,0.0,30.80666666666667,3,0.0
2024-02-01,logistics,GA,Low,1733252.2899999998,0.0,26.7525,4,0.0
2024-02-01,logistics,IL,Low,575515.21,0.0,23.436666666666667,3,0.0
2024-02-01,logistics,NY,Low,358465.5,0.0,26.09,1,0.0
2024-02-01,mixed_mobility,CA,Low,247888.19,0.0,29.9,1,0.0
2024-02-01,mixed_mobility,FL,Low,97802.57,0.0,30.38,1,0.0
2024-02-01,mixed_mobility,GA,Low,103660.63,0.0,28.11,1,0.0
2024-02-01,mixed_mobility,NV,Low,701742.31,0.0,21.265,2,0.0
2024-02-01,mixed_mobility,NY,Low,1241229.5,0.0,26.576666666666664,3,0.0
2024-02-01,mixed_mobility,TX,Low,80041.07,0.0,26.2,1,0.0
2024-02-01,mixed_mobility,TX,Medium,185169.29,0.0,38.15,1,0.0
2024-02-01,mixed_mobility,WA,Low,166429.8,0.0,25.66,1,0.0
2024-02-01,rideshare,AZ,Low,458724.25,0.0,28.61,1,0.0
2024-02-01,rideshare,CA,Low,307290.43,0.0,18.44,1,0.0
2024-02-01,rideshare,CO,Low,1072523.79,0.0,26.865,4,0.0
2024-02-01,rideshare,FL,Low,649283.81,0.0,26.275,2,0.0
2024-02-01,rideshare,GA,Low,1306367.03,0.0,26.66333333333333,3,0.0
2024-02-01,rideshare,IL,Low,444158.55,0.0,28.490000000000002,2,0.0
2024-02-01,rideshare,NV,Low,1144830.54,0.0,23.863333333333333,3,0.0
2024-02-01,rideshare,TX,Low,910419.97,0.0,25.64,2,0.0
2024-02-01,rideshare,TX,Medium,403766.64,0.0,44.94,1,0.0
2024-03-01,autonomous_taxi,AZ,Low,1179981.83,0.0,27.2875,4,0.0
2024-03-01,autonomous_taxi,CO,Low,1741528.6600000001,0.0,24.746666666666666,3,0.0
2024-03-01,autonomous_taxi,FL,Low,640922.8300000001,0.0,22.55,2,0.0
2024-03-01,autonomous_taxi,GA,Low,978406.28,0.0,30.326666666666668,3,0.0
2024-03-01,autonomous_taxi,IL,Low,608325.91,0.0,24.015,2,0.0
2024-03-01,autonomous_taxi,NV,Low,756767.98,0.0,21.715,2,0.0
2024-03-01,autonomous_taxi,NY,Low,793272.28,0.0,27.34,2,0.0
2024-03-01,autonomous_taxi,TX,Low,259105.12,0.0,24.05,1,0.0
2024-03-01,delivery,AZ,Low,823774.12,0.0,27.473333333333333,3,0.0
2024-03-01,delivery,CA,Low,929394.47,0.0,28.006666666666664,3,0.0
2024-03-01,delivery,GA,Low,265753.48,0.0,31.555,2,0.0
2024-03-01,delivery,IL,Low,1048524.87,0.0,27.410000000000004,5,0.0
2024-03-01,delivery,NY,Low,411390.14,0.0,23.85,1,0.0
2024-03-01,delivery,TX,Low,300793.01,0.0,22.38,1,0.0
2024-03-01,logistics,CA,Low,417275.71,0.0,22.04,1,0.0
2024-03-01,logistics,CO,Low,972174.77,0.0,24.12,4,0.0
2024-03-01,logistics,FL,Low,774907.2100000001,0.0,31.676666666666666,3,0.0
2024-03-01,logistics,GA,Low,1733252.2899999998,0.0,25.91,4,0.0
2024-03-01,logistics,IL,Low,575515.21,0.0,22.96666666666667,3,0.0
2024-03-01,logistics,NY,Low,358465.5,0.0,28.12,1,0.0
2024-03-01,mixed_mobility,CA,Low,247888.19,0.0,29.05,1,0.0
2024-03-01,mixed_mobility,FL,Low,97802.57,0.0,30.3,1,0.0
2024-03-01,mixed_mobility,GA,Low,103660.63,0.0,29.6,1,0.0
2024-03-01,mixed_mobility,NV,Low,701742.31,0.0,21.49,2,0.0
2024-03-01,mixed_mobility,NY,Low,1241229.5,0.0,26.8,3,0.0
2024-03-01,mixed_mobility,TX,Low,80041.07,0.0,24.36,1,0.0
2024-03-01,mixed_mobility,TX,Medium,185169.29,0.0,35.51,1,0.0
2024-03-01,mixed_mobility,WA,Low,166429.8,0.0,24.9,1,0.0
2024-03-01,rideshare,AZ,Low,458724.25,0.0,27.66,1,0.0
2024-03-01,rideshare,CA,Low,307290.43,0.0,16.66,1,0.0
2024-03-01,rideshare,CO,Low,1072523.79,0.0,25.474999999999998,4,0.0
2024-03-01,rideshare,FL,Low,649283.81,0.0,26.77,2,0.0
2024-03-01,rideshare,GA,Low,1306367.03,0.0,28.413333333333338,3,0.0
2024-03-01,rideshare,IL,Low,444158.55,0.0,28.62,2,0.0
2024-03-01,rideshare,NV,Low,1144830.54,0.0,23.849999999999998,3,0.0
2024-03-01,rideshare,TX,Low,1314186.61,0.0,26.52333333333333,3,0.0
2024-04-01,autonomous_taxi,AZ,Low,1179981.83,0.0,27.22,4,0.0
2024-04-01,autonomous_taxi,CO,Low,1741528.6600000001,0.0,25.27333333333333,3,0.0
2024-04-01,autonomous_taxi,FL,Low,640922.8300000001,0.0,22.759999999999998,2,0.0
2024-04-01,autonomous_taxi,GA,Low,978406.28,0.0,30.2,3,0.0
2024-04-01,autonomous_taxi,IL,Low,608325.91,0.0,24.66,2,0.0
2024-04-01,autonomous_taxi,NV,Low,756767.98,0.0,21.715,2,0.0
2024-04-01,autonomous_taxi,NY,Low,793272.28,0.0,27.9,2,0.0
2024-04-01,autonomous_taxi,TX,Low,259105.12,0.0,21.38,1,0.0
2024-04-01,delivery,AZ,Low,823774.12,0.0,25.416666666666668,3,0.0
2024-04-01,delivery,CA,Low,929394.47,0.0,27.376666666666665,3,0.0
2024-04-01,delivery,GA,Low,265753.48,0.0,30.505,2,0.0
2024-04-01,delivery,IL,Low,1048524.87,0.0,28.468,5,0.0
2024-04-01,delivery,NY,Low,411390.14,0.0,24.88,1,0.0
2024-04-01,delivery,TX,Low,300793.01,0.0,20.88,1,0.0
2024-04-01,logistics,CA,Low,417275.71,0.0,21.93,1,0.0
2024-04-01,logistics,CO,Low,972174.77,0.0,24.064999999999998,4,0.0
2024-04-01,logistics,FL,Low,774907.2100000001,0.0,29.96666666666667,3,0.0
2024-04-01,logistics,GA,Low,1733252.2899999998,0.0,26.1125,4,0.0
2024-04-01,logistics,IL,Low,575515.21,0.0,23.689999999999998,3,0.0
2024-04-01,logistics,NY,Low,358465.5,0.0,27.23,1,0.0
2024-04-01,mixed_mobility,CA,Low,247888.19,0.0,26.82,1,0.0
2024-04-01,mixed_mobility,FL,Low,97802.57,0.0,29.12,1,0.0
2024-04-01,mixed_mobility,GA,Low,103660.63,0.0,28.42,1,0.0
2024-04-01,mixed_mobility,NV,Low,701742.31,0.0,21.88,2,0.0
2024-04-01,mixed_mobility,NY,Low,1241229.5,0.0,27.01,3,0.0
2024-04-01,mixed_mobility,TX,Low,265210.36,0.0,28.615000000000002,2,0.0
2024-04-01,mixed_mobility,WA,Low,166429.8,0.0,26.22,1,0.0
2024-04-01,rideshare,AZ,Low,458724.25,0.0,28.5,1,0.0
2024-04-01,rideshare,CA,Low,307290.43,0.0,17.62,1,0.0
2024-04-01,rideshare,CO,Low,1072523.79,0.0,24.7325,4,0.0
2024-04-01,rideshare,FL,Low,649283.81,0.0,26.97,2,0.0
2024-04-01,rideshare,GA,Low,1306367.03,0.0,27.80333333333333,3,0.0
2024-04-01,rideshare,IL,Low,444158.55,0.0,28.195,2,0.0
2024-04-01,rideshare,NV,Low,1144830.54,0.0,24.02,3,0.0
2024-04-01,rideshare,TX,Low,1314186.61,0.0,25.01,3,0.0
2024-05-01,autonomous_taxi,AZ,Low,1179981.83,0.0,27.185,4,0.0
2024-05-01,autonomous_taxi,CO,Low,1741528.6600000001,0.0,25.11,3,0.0
2024-05-01,autonomous_taxi,FL,Low,640922.8300000001,0.0,21.68,2,0.0
2024-05-01,autonomous_taxi,GA,Low,978406.28,0.0,31.086666666666662,3,0.0
2024-05-01,autonomous_taxi,IL,Low,608325.91,0.0,23.71,2,0.0
2024-05-01,autonomous_taxi,NV,Low,756767.98,0.0,22.189999999999998,2,0.0
2024-05-01,autonomous_taxi,NY,Low,793272.28,0.0,27.815,2,0.0
2024-05-01,autonomous_taxi,TX,Low,259105.12,0.0,24.29,1,0.0
2024-05-01,delivery,AZ,Low,823774.12,0.0,25.703333333333333,3,0.0
2024-05-01,delivery,CA,Low,929394.47,0.0,27.546666666666667,3,0.0
2024-05-01,delivery,GA,Low,265753.48,0.0,31.174999999999997,2,0.0
2024-05-01,delivery,IL,Low,1048524.87,0.0,27.324,5,0.0
2024-05-01,delivery,NY,Low,411390.14,0.0,25.61,1,0.0
2024-05-01,delivery,TX,Low,300793.01,0.0,22.54,1,0.0
2024-05-01,logistics,CA,Low,417275.71,0.0,22.41,1,0.0
2024-05-01,logistics,CO,Low,972174.77,0.0,23.7275,4,0.0
2024-05-01,logistics,FL,Low,774907.2100000001,0.0,29.700000000000003,3,0.0
2024-05-01,logistics,GA,Low,1733252.2899999998,0.0,25.552500000000002,4,0.0
2024-05-01,logistics,IL,Low,575515.21,0.0,23.64,3,0.0
2024-05-01,logistics,NY,Low,358465.5,0.0,29.1,1,0.0
2024-05-01,mixed_mobility,CA,Low,247888.19,0.0,29.85,1,0.0
2024-05-01,mixed_mobility,FL,Low,97802.57,0.0,29.77,1,0.0
2024-05-01,mixed_mobility,GA,Low,103660.63,0.0,28.06,1,0.0
2024-05-01,mixed_mobility,NV,Low,701742.31,0.0,23.12,2,0.0
2024-05-01,mixed_mobility,NY,Low,1241229.5,0.0,27.11,3,0.0
2024-05-01,mixed_mobility,TX,Low,80041.07,0.0,25.12,1,0.0
2024-05-01,mixed_mobility,TX,Medium,185169.29,0.0,39.49,1,0.0
2024-05-01,mixed_mobility,WA,Low,166429.8,0.0,26.24,1,0.0
2024-05-01,rideshare,AZ,Low,458724.25,0.0,28.57,1,0.0
2024-05-01,rideshare,CA,Low,307290.43,0.0,17.04,1,0.0
2024-05-01,rideshare,CO,Low,1072523.79,0.0,27.9325,4,0.0
2024-05-01,rideshare,FL,Low,649283.81,0.0,25.225,2,0.0
2024-05-01,rideshare,GA,Low,1306367.03,0.0,27.136666666666667,3,0.0
2024-05-01,rideshare,IL,Low,444158.55,0.0,28.615000000000002,2,0.0
2024-05-01,rideshare,NV,Low,1144830.54,0.0,24.30333333333333,3,0.0
2024-05-01,rideshare,TX,Low,1314186.61,0.0,22.099999999999998,3,0.0
2024-06-01,autonomous_taxi,AZ,Low,1179981.83,0.0,27.5625,4,0.0
2024-06-01,autonomous_taxi,CO,Low,1741528.6600000001,0.0,25.723333333333333,3,0.0
2024-06-01,autonomous_taxi,FL,Low,640922.8300000001,0.0,22.29,2,0.0
2024-06-01,autonomous_taxi,GA,Low,708524.22,0.0,30.71,2,0.0
2024-06-01,autonomous_taxi,GA,Medium,269882.06,0.0,37.46,1,0.0
2024-06-01,autonomous_taxi,IL,Low,608325.91,0.0,24.655,2,0.0
2024-06-01,autonomous_taxi,NV,Low,756767.98,0.0,22.19,2,0.0
2024-06-01,autonomous_taxi,NY,Low,793272.28,0.0,27.585,2,0.0
2024-06-01,autonomous_taxi,TX,Low,259105.12,0.0,23.67,1,0.0
2024-06-01,delivery,AZ,Low,823774.12,0.0,26.05666666666667,3,0.0
2024-06-01,delivery,CA,Low,929394.47,0.0,27.46666666666667,3,0.0
2024-06-01,delivery,GA,Low,265753.48,0.0,31.42,2,0.0
2024-06-01,delivery,IL,Low,1048524.87,0.0,28.186,5,0.0
2024-06-01,delivery,NY,Low,411390.14,0.0,24.04,1,0.0
2024-06-01,delivery,TX,Low,300793.01,0.0,22.03,1,0.0
2024-06-01,logistics,CA,Low,417275.71,0.0,21.83,1,0.0
2024-06-01,logistics,CO,Low,972174.77,0.0,23.6575,4,0.0
2024-06-01,logistics,FL,Low,774907.2100000001,0.0,30.349999999999998,3,0.0
2024-06-01,logistics,GA,Low,1733252.2899999998,0.0,25.78,4,0.0
2024-06-01,logistics,IL,Low,575515.21,0.0,23.853333333333335,3,0.0
2024-06-01,logistics,NY,Low,358465.5,0.0,27.33,1,0.0
2024-06-01,mixed_mobility,CA,Low,247888.19,0.0,25.26,1,0.0
2024-06-01,mixed_mobility,FL,Low,97802.57,0.0,29.7,1,0.0
2024-06-01,mixed_mobility,GA,Low,103660.63,0.0,27.84,1,0.0
2024-06-01,mixed_mobility,NV,Low,701742.31,0.0,20.71,2,0.0
2024-06-01,mixed_mobility,NY,Low,1241229.5,0.0,26.676666666666666,3,0.0
2024-06-01,mixed_mobility,TX,Low,265210.36,0.0,29.57,2,0.0
2024-06-01,mixed_mobility,WA,Low,166429.8,0.0,26.83,1,0.0
2024-06-01,rideshare,AZ,Low,458724.25,0.0,26.78,1,0.0
2024-06-01,rideshare,CA,Low,307290.43,0.0,17.99,1,0.0
2024-06-01,rideshare,CO,Low,1072523.79,0.0,25.775,4,0.0
2024-06-01,rideshare,FL,Low,649283.81,0.0,26.465,2,0.0
2024-06-01,rideshare,GA,Low,1306367.03,0.0,27.91,3,0.0
2024-06-01,rideshare,IL,Low,444158.55,0.0,28.48,2,0.0
2024-06-01,rideshare,NV,Low,1144830.54,0.0,23.323333333333334,3,0.0
2024-06-01,rideshare,TX,Low,1314186.61,0.0,27.083333333333332,3,0.0
2024-07-01,autonomous_taxi,AZ,Low,1179981.83,0.0,26.895,4,0.0
2024-07-01,autonomous_taxi,CO,Low,1741528.6600000001,0.0,25.463333333333335,3,0.0
2024-07-01,autonomous_taxi,FL,Low,640922.8300000001,0.0,22.235,2,0.0
2024-07-01,autonomous_taxi,GA,Low,978406.28,0.0,29.59,3,0.0
2024-07-01,autonomous_taxi,IL,Low,608325.91,0.0,24.494999999999997,2,0.0
2024-07-01,autonomous_taxi,NV,Low,756767.98,0.0,22.105,2,0.0
2024-07-01,autonomous_taxi,NY,Low,793272.28,0.0,27.060000000000002,2,0.0
2024-07-01,autonomous_taxi,TX,Low,259105.12,0.0,25.58,1,0.0
2024-07-01,delivery,AZ,Low,823774.12,0.0,26.663333333333338,3,0.0
2024-07-01,delivery,CA,Low,929394.47,0.0,27.986666666666668,3,0.0
2024-07-01,delivery,GA,Low,265753.48,0.0,30.62,2,0.0
2024-07-01,delivery,IL,Low,1048524.87,0.0,28.508,5,0.0
2024-07-01,delivery,NY,Low,411390.14,0.0,22.93,1,0.0
2024-07-01,delivery,TX,Low,300793.01,0.0,21.17,1,0.0
2024-07-01,logistics,CA,Low,417275.71,0.0,23.25,1,0.0
2024-07-01,logistics,CO,Low,972174.77,0.0,23.23,4,0.0
2024-07-01,logistics,FL,Low,774907.2100000001,0.0,30.80333333333333,3,0.0
2024-07-01,logistics,GA,Low,1733252.2899999998,0.0,26.0,4,0.0
2024-07-01,logistics,IL,Low,575515.21,0.0,23.453333333333333,3,0.0
2024-07-01,logistics,NY,Low,358465.5,0.0,27.74,1,0.0
2024-07-01,mixed_mobility,CA,Low,247888.19,0.0,33.26,1,0.0
2024-07-01,mixed_mobility,FL,Low,97802.57,0.0,29.76,1,0.0
2024-07-01,mixed_mobility,GA,Low,103660.63,0.0,29.68,1,0.0
2024-07-01,mixed_mobility,NV,Low,701742.31,0.0,20.475,2,0.0
2024-07-01,mixed_mobility,NY,Low,1241229.5,0.0,27.433333333333334,3,0.0
2024-07-01,mixed_mobility,TX,Low,80041.07,0.0,24.14,1,0.0
2024-07-01,mixed_mobility,TX,Medium,185169.29,0.0,38.86,1,0.0
2024-07-01,mixed_mobility,WA,Low,166429.8,0.0,27.13,1,0.0
2024-07-01,rideshare,AZ,Low,458724.25,0.0,26.92,1,0.0
2024-07-01,rideshare,CA,Low,307290.43,0.0,18.35,1,0.0
2024-07-01,rideshare,CO,Low,902380.45,0.0,26.8,3,0.0
2024-07-01,rideshare,CO,Medium,170143.34,0.0,39.4,1,0.0
2024-07-01,rideshare,FL,Low,649283.81,0.0,25.64,2,0.0
2024-07-01,rideshare,GA,Low,1306367.03,0.0,27.24,3,0.0
2024-07-01,rideshare,IL,Low,444158.55,0.0,28.22,2,0.0
2024-07-01,rideshare,NV,Low,1144830.54,0.0,23.8,3,0.0
2024-07-01,rideshare,TX,Low,1314186.61,0.0,21.55333333333333,3,0.0
2024-08-01,autonomous_taxi,AZ,Low,1179981.83,0.0,27.4725,4,0.0
2024-08-01,autonomous_taxi,CO,Low,1741528.6600000001,0.0,25.61,3,0.0
2024-08-01,autonomous_taxi,FL,Low,640922.8300000001,0.0,22.515,2,0.0
2024-08-01,autonomous_taxi,GA,Low,978406.28,0.0,31.493333333333336,3,0.0
2024-08-01,autonomous_taxi,IL,Low,608325.91,0.0,24.415,2,0.0
2024-08-01,autonomous_taxi,NV,Low,756767.98,0.0,22.3,2,0.0
2024-08-01,autonomous_taxi,NY,Low,793272.28,0.0,27.445,2,0.0
2024-08-01,autonomous_taxi,TX,Low,259105.12,0.0,23.15,1,0.0
2024-08-01,delivery,AZ,Low,823774.12,0.0,25.863333333333333,3,0.0
2024-08-01,delivery,CA,Low,929394.47,0.0,27.25,3,0.0
2024-08-01,delivery,GA,Low,265753.48,0.0,30.985,2,0.0
2024-08-01,delivery,IL,Low,1048524.87,0.0,28.064,5,0.0
2024-08-01,delivery,NY,Low,411390.14,0.0,26.75,1,0.0
2024-08-01,delivery,TX,Low,300793.01,0.0,21.56,1,0.0
2024-08-01,logistics,CA,Low,417275.71,0.0,22.2,1,0.0
2024-08-01,logistics,CO,Low,972174.77,0.0,24.685,4,0.0
2024-08-01,logistics,FL,Low,774907.2100000001,0.0,30.570000000000004,3,0.0
2024-08-01,logistics,GA,Low,1733252.2899999998,0.0,26.6175,4,0.0
2024-08-01,logistics,IL,Low,575515.21,0.0,23.593333333333334,3,0.0
2024-08-01,logistics,NY,Low,358465.5,0.0,29.65,1,0.0
2024-08-01,mixed_mobility,CA,Low,247888.19,0.0,32.28,1,0.0
2024-08-01,mixed_mobility,FL,Low,97802.57,0.0,30.08,1,0.0
2024-08-01,mixed_mobility,GA,Low,103660.63,0.0,27.33,1,0.0
2024-08-01,mixed_mobility,NV,Low,701742.31,0.0,21.490000000000002,2,0.0
2024-08-01,mixed_mobility,NY,Low,1241229.5,0.0,27.126666666666665,3,0.0
2024-08-01,mixed_mobility,TX,Low,80041.07,0.0,23.93,1,0.0
2024-08-01,mixed_mobility,TX,Medium,185169.29,0.0,36.9,1,0.0
2024-08-01,mixed_mobility,WA,Low,166429.8,0.0,25.06,1,0.0
2024-08-01,rideshare,AZ,Low,458724.25,0.0,27.27,1,0.0
2024-08-01,rideshare,CA,Low,307290.43,0.0,17.76,1,0.0
2024-08-01,rideshare,CO,Low,1072523.79,0.0,24.55,4,0.0
2024-08-01,rideshare,FL,Low,649283.81,0.0,26.375,2,0.0
2024-08-01,rideshare,GA,Low,1306367.03,0.0,27.2,3,0.0
2024-08-01,rideshare,IL,Low,444158.55,0.0,27.66,2,0.0
2024-08-01,rideshare,NV,Low,1144830.54,0.0,24.706666666666667,3,0.0
2024-08-01,rideshare,TX,Low,910419.97,0.0,25.130000000000003,2,0.0
2024-08-01,rideshare,TX,Medium,403766.64,0.0,37.5,1,0.0
2024-09-01,autonomous_taxi,AZ,Low,1179981.83,0.0,27.502499999999998,4,0.0
2024-09-01,autonomous_taxi,CO,Low,1741528.6600000001,0.0,25.47,3,0.0
2024-09-01,autonomous_taxi,FL,Low,640922.8300000001,0.0,22.205,2,0.0
2024-09-01,autonomous_taxi,GA,Low,708524.22,0.0,30.994999999999997,2,0.0
2024-09-01,autonomous_taxi,GA,Medium,269882.06,0.0,35.36,1,0.0
2024-09-01,autonomous_taxi,IL,Low,608325.91,0.0,24.86,2,0.0
2024-09-01,autonomous_taxi,NV,Low,756767.98,0.0,21.814999999999998,2,0.0
2024-09-01,autonomous_taxi,NY,Low,793272.28,0.0,27.15,2,0.0
2024-09-01,autonomous_taxi,TX,Low,259105.12,0.0,26.31,1,0.0
2024-09-01,delivery,AZ,Low,823774.12,0.0,25.856666666666666,3,0.0
2024-09-01,delivery,CA,Low,929394.47,0.0,27.69333333333333,3,0.0
2024-09-01,delivery,GA,Low,265753.48,0.0,31.16,2,0.0
2024-09-01,delivery,IL,Low,1048524.87,0.0,28.104000000000003,5,0.0
2024-09-01,delivery,NY,Low,411390.14,0.0,23.52,1,0.0
2024-09-01,delivery,TX,Low,300793.01,0.0,21.97,1,0.0
2024-09-01,logistics,CA,Low,417275.71,0.0,22.74,1,0.0
2024-09-01,logistics,CO,Low,972174.77,0.0,24.355,4,0.0
2024-09-01,logistics,FL,Low,774907.2100000001,0.0,31.543333333333333,3,0.0
2024-09-01,logistics,GA,Low,1733252.2899999998,0.0,25.7775,4,0.0
2024-09-01,logistics,IL,Low,575515.21,0.0,23.633333333333336,3,0.0
2024-09-01,logistics,NY,Low,358465.5,0.0,28.12,1,0.0
2024-09-01,mixed_mobility,CA,Low,247888.19,0.0,29.84,1,0.0
2024-09-01,mixed_mobility,FL,Low,97802.57,0.0,29.44,1,0.0
2024-09-01,mixed_mobility,GA,Low,103660.63,0.0,28.97,1,0.0
2024-09-01,mixed_mobility,NV,Low,701742.31,0.0,20.455,2,0.0
2024-09-01,mixed_mobility,NY,Low,1241229.5,0.0,27.573333333333334,3,0.0
2024-09-01,mixed_mobility,TX,Low,80041.07,0.0,24.31,1,0.0
2024-09-01,mixed_mobility,TX,Medium,185169.29,0.0,47.25,1,0.0
2024-09-01,mixed_mobility,WA,Low,166429.8,0.0,26.66,1,0.0
2024-09-01,rideshare,AZ,Low,458724.25,0.0,26.79,1,0.0
2024-09-01,rideshare,CA,Low,307290.43,0.0,16.84,1,0.0
2024-09-01,rideshare,CO,Low,1072523.79,0.0,27.3,4,0.0
2024-09-01,rideshare,FL,Low,649283.81,0.0,26.715000000000003,2,0.0
2024-09-01,rideshare,GA,Low,1306367.03,0.0,27.27,3,0.0
2024-09-01,rideshare,IL,Low,444158.55,0.0,28.805,2,0.0
2024-09-01,rideshare,NV,Low,1144830.54,0.0,23.866666666666664,3,0.0
2024-09-01,rideshare,TX,Low,1314186.61,0.0,27.246666666666666,3,0.0
2024-10-01,autonomous_taxi,AZ,Low,1179981.83,0.0,26.677500000000002,4,0.0
2024-10-01,autonomous_taxi,CO,Low,1741528.6600000001,0.0,25.123333333333335,3,0.0
2024-10-01,autonomous_taxi,FL,Low,640922.8300000001,0.0,21.89,2,0.0
2024-10-01,autonomous_taxi,GA,Low,978406.28,0.0,29.13,3,0.0
2024-10-01,autonomous_taxi,IL,Low,608325.91,0.0,24.61,2,0.0
2024-10-01,autonomous_taxi,NV,Low,756767.98,0.0,22.505,2,0.0
2024-10-01,autonomous_taxi,NY,Low,793272.28,0.0,26.490000000000002,2,0.0
2024-10-01,autonomous_taxi,TX,Low,259105.12,0.0,23.66,1,0.0
2024-10-01,delivery,AZ,Low,823774.12,0.0,25.636666666666667,3,0.0
2024-10-01,delivery,CA,Low,929394.47,0.0,27.58666666666667,3,0.0
2024-10-01,delivery,GA,Low,265753.48,0.0,30.42,2,0.0
2024-10-01,delivery,IL,Low,1048524.87,0.0,27.806,5,0.0
2024-10-01,delivery,NY,Low,411390.14,0.0,22.53,1,0.0
2024-10-01,delivery,TX,Low,300793.01,0.0,21.3,1,0.0
2024-10-01,logistics,CA,Low,417275.71,0.0,20.28,1,0.0
2024-10-01,logistics,CO,Low,972174.77,0.0,23.8425,4,0.0
2024-10-01,logistics,FL,Low,774907.2100000001,0.0,30.413333333333338,3,0.0
2024-10-01,logistics,GA,Low,1733252.2899999998,0.0,26.5075,4,0.0
2024-10-01,logistics,IL,Low,575515.21,0.0,23.563333333333333,3,0.0
2024-10-01,logistics,NY,Low,358465.5,0.0,26.74,1,0.0
2024-10-01,mixed_mobility,CA,Low,247888.19,0.0,28.43,1,0.0
2024-10-01,mixed_mobility,FL,Low,97802.57,0.0,29.23,1,0.0
2024-10-01,mixed_mobility,GA,Low,103660.63,0.0,27.37,1,0.0
2024-10-01,mixed_mobility,NV,Low,701742.31,0.0,21.869999999999997,2,0.0
2024-10-01,mixed_mobility,NY,Low,1241229.5,0.0,26.7,3,0.0
2024-10-01,mixed_mobility,TX,Low,80041.07,0.0,24.44,1,0.0
2024-10-01,mixed_mobility,TX,Medium,185169.29,0.0,44.42,1,0.0
2024-10-01,mixed_mobility,WA,Low,166429.8,0.0,25.75,1,0.0
2024-10-01,rideshare,AZ,Low,458724.25,0.0,28.82,1,0.0
2024-10-01,rideshare,CA,Low,307290.43,0.0,17.51,1,0.0
2024-10-01,rideshare,CO,Low,1072523.79,0.0,27.5575,4,0.0
2024-10-01,rideshare,FL,Low,649283.81,0.0,26.985,2,0.0
2024-10-01,rideshare,GA,Low,1306367.03,0.0,26.30666666666667,3,0.0
2024-10-01,rideshare,IL,Low,444158.55,0.0,28.47,2,0.0
2024-10-01,rideshare,NV,Low,1144830.54,0.0,23.876666666666665,3,0.0
2024-10-01,rideshare,TX,Low,1314186.61,0.0,26.94666666666667,3,0.0
2024-11-01,autonomous_taxi,AZ,Low,1179981.83,0.0,27.4425,4,0.0
2024-11-01,autonomous_taxi,CO,Low,1741528.6600000001,0.0,24.606666666666666,3,0.0
2024-11-01,autonomous_taxi,FL,Low,640922.8300000001,0.0,22.335,2,0.0
2024-11-01,autonomous_taxi,GA,Low,978406.28,0.0,28.413333333333338,3,0.0
2024-11-01,autonomous_taxi,IL,Low,608325.91,0.0,24.54,2,0.0
2024-11-01,autonomous_taxi,NV,Low,756767.98,0.0,22.265,2,0.0
2024-11-01,autonomous_taxi,NY,Low,793272.28,0.0,28.08,2,0.0
2024-11-01,autonomous_taxi,TX,Low,259105.12,0.0,24.33,1,0.0
2024-11-01,delivery,AZ,Low,823774.12,0.0,25.95,3,0.0
2024-11-01,delivery,CA,Low,929394.47,0.0,28.496666666666666,3,0.0
2024-11-01,delivery,GA,Low,265753.48,0.0,32.095,2,0.0
2024-11-01,delivery,IL,Low,1048524.87,0.0,28.758000000000003,5,0.0
2024-11-01,delivery,NY,Low,411390.14,0.0,25.37,1,0.0
2024-11-01,delivery,TX,Low,300793.01,0.0,21.06,1,0.0
2024-11-01,logistics,CA,Low,417275.71,0.0,22.32,1,0.0
2024-11-01,logistics,CO,Low,972174.77,0.0,23.945,4,0.0
2024-11-01,logistics,FL,Low,774907.2100000001,0.0,31.0,3,0.0
2024-11-01,logistics,GA,Low,1733252.2899999998,0.0,26.2325,4,0.0
2024-11-01,logistics,IL,Low,575515.21,0.0,23.786666666666665,3,0.0
2024-11-01,logistics,NY,Low,358465.5,0.0,28.45,1,0.0
2024-11-01,mixed_mobility,CA,Low,247888.19,0.0,33.13,1,0.0
2024-11-01,mixed_mobility,FL,Low,97802.57,0.0,29.5,1,0.0
2024-11-01,mixed_mobility,GA,Low,103660.63,0.0,29.13,1,0.0
2024-11-01,mixed_mobility,NV,Low,701742.31,0.0,21.08,2,0.0
2024-11-01,mixed_mobility,NY,Low,1241229.5,0.0,27.05333333333333,3,0.0
2024-11-01,mixed_mobility,TX,Low,80041.07,0.0,24.9,1,0.0
2024-11-01,mixed_mobility,TX,Medium,185169.29,0.0,44.21,1,0.0
2024-11-01,mixed_mobility,WA,Low,166429.8,0.0,26.21,1,0.0
2024-11-01,rideshare,AZ,Low,458724.25,0.0,27.28,1,0.0
2024-11-01,rideshare,CA,Low,307290.43,0.0,17.55,1,0.0
2024-11-01,rideshare,CO,Low,1072523.79,0.0,24.6325,4,0.0
2024-11-01,rideshare,FL,Low,649283.81,0.0,26.005000000000003,2,0.0
2024-11-01,rideshare,GA,Low,1306367.03,0.0,27.439999999999998,3,0.0
2024-11-01,rideshare,IL,Low,444158.55,0.0,28.225,2,0.0
2024-11-01,rideshare,NV,Low,1144830.54,0.0,23.88,3,0.0
2024-11-01,rideshare,TX,Low,1314186.61,0.0,23.290000000000003,3,0.0
2024-12-01,autonomous_taxi,AZ,Low,1179981.83,0.0,27.105,4,0.0
2024-12-01,autonomous_taxi,CO,Low,1741528.6600000001,0.0,24.606666666666666,3,0.0
2024-12-01,autonomous_taxi,FL,Low,640922.8300000001,0.0,22.89,2,0.0
2024-12-01,autonomous_taxi,GA,Low,978406.28,0.0,30.783333333333335,3,0.0
2024-12-01,autonomous_taxi,IL,Low,608325.91,0.0,24.51,2,0.0
2024-12-01,autonomous_taxi,NV,Low,756767.98,0.0,23.23,2,0.0
2024-12-01,autonomous_taxi,NY,Low,793272.28,0.0,26.63,2,0.0
2024-12-01,autonomous_taxi,TX,Low,259105.12,0.0,23.72,1,0.0
2024-12-01,delivery,AZ,Low,823774.12,0.0,26.373333333333335,3,0.0
2024-12-01,delivery,CA,Low,929394.47,0.0,27.77,3,0.0
2024-12-01,delivery,GA,Low,265753.48,0.0,30.575,2,0.0
2024-12-01,delivery,IL,Low,1048524.87,0.0,28.145999999999997,5,0.0
2024-12-01,delivery,NY,Low,411390.14,0.0,24.98,1,0.0
2024-12-01,delivery,TX,Low,300793.01,0.0,20.83,1,0.0
2024-12-01,logistics,CA,Low,417275.71,0.0,21.76,1,0.0
2024-12-01,logistics,CO,Low,972174.77,0.0,24.685,4,0.0
2024-12-01,logistics,FL,Low,774907.2100000001,0.0,29.97666666666667,3,0.0
2024-12-01,logistics,GA,Low,1733252.2899999998,0.0,25.8025,4,0.0
2024-12-01,logistics,IL,Low,575515.21,0.0,23.333333333333332,3,0.0
2024-12-01,logistics,NY,Low,358465.5,0.0,28.72,1,0.0
2024-12-01,mixed_mobility,CA,Low,247888.19,0.0,32.12,1,0.0
2024-12-01,mixed_mobility,FL,Low,97802.57,0.0,30.13,1,0.0
2024-12-01,mixed_mobility,GA,Low,103660.63,0.0,27.92,1,0.0
2024-12-01,mixed_mobility,NV,Low,701742.31,0.0,22.310000000000002,2,0.0
2024-12-01,mixed_mobility,NY,Low,1241229.5,0.0,27.006666666666664,3,0.0
2024-12-01,mixed_mobility,TX,Low,80041.07,0.0,26.42,1,0.0
2024-12-01,mixed_mobility,TX,Medium,185169.29,0.0,40.4,1,0.0
2024-12-01,mixed_mobility,WA,Low,166429.8,0.0,27.22,1,0.0
2024-12-01,rideshare,AZ,Low,458724.25,0.0,28.5,1,0.0
2024-12-01,rideshare,CA,Low,307290.43,0.0,17.37,1,0.0
2024-12-01,rideshare,CO,Low,1072523.79,0.0,25.4325,4,0.0
2024-12-01,rideshare,FL,Low,649283.81,0.0,26.59,2,0.0
2024-12-01,rideshare,GA,Low,1306367.03,0.0,27.483333333333334,3,0.0
2024-12-01,rideshare,IL,Low,444158.55,0.0,28.605,2,0.0
2024-12-01,rideshare,NV,Low,1144830.54,0.0,24.563333333333333,3,0.0
2024-12-01,rideshare,TX,Low,910419.97,0.0,23.615000000000002,2,0.0
2024-12-01,rideshare,TX,Medium,403766.64,0.0,37.4,1,0.0
2025-01-01,autonomous_taxi,AZ,Critical,923586.8,313401.86,92.61,3,0.33933124639719836
2025-01-01,autonomous_taxi,AZ,High,256395.03,35922.49,74.11,1,0.1401060309164339
2025-01-01,autonomous_taxi,CO,Critical,115387.49,54769.12,84.14,1,0.4746538814563
2025-01-01,autonomous_taxi,CO,High,790588.04,62870.91,60.88,1,0.07952423616223692
2025-01-01,autonomous_taxi,CO,Low,835553.13,0.0,29.73,1,0.0
2025-01-01,autonomous_taxi,FL,Critical,640922.8300000001,150819.01,86.32,2,0.23531539670696391
2025-01-01,autonomous_taxi,GA,Critical,269882.06,45907.22,85.56,1,0.1701010433965118
2025-01-01,autonomous_taxi,GA,Low,520848.67,0.0,34.21,1,0.0
2025-01-01,autonomous_taxi,GA,Medium,187675.55,11867.2,57.42,1,0.06323253082247529
2025-01-01,autonomous_taxi,IL,Critical,214425.71,198933.3,87.8,1,0.927749289019493
2025-01-01,autonomous_taxi,IL,High,393900.2,41173.810000000005,69.18,1,0.1045285328618772
2025-01-01,autonomous_taxi,NV,Critical,347775.29,89274.43,90.07,1,0.25670147525432296
2025-01-01,autonomous_taxi,NV,Low,408992.69,0.0,16.83,1,0.0
2025-01-01,autonomous_taxi,NY,Critical,141852.61,44903.06,84.53,1,0.3165472951114541
2025-01-01,autonomous_taxi,NY,Medium,651419.67,1244.32,45.0,1,0.0019101664522964126
2025-01-01,autonomous_taxi,TX,Critical,259105.12,165784.71000000002,89.89,1,0.6398357160985473
2025-01-01,delivery,AZ,Critical,455681.73,87108.16,88.86,1,0.1911600888629
2025-01-01,delivery,AZ,High,185299.55,29746.73,76.03,1,0.16053320151074302
2025-01-01,delivery,AZ,Low,182792.84,0.0,23.16,1,0.0
2025-01-01,delivery,CA,High,552443.51,47524.41,65.83,2,0.08602582732848106
2025-01-01,delivery,CA,Low,376950.96,0.0,32.07,1,0.0
2025-01-01,delivery,GA,Low,265753.48,0.0,30.375,2,0.0
2025-01-01,delivery,IL,Critical,727710.09,190966.13,91.5975,4,0.26242061588015086
2025-01-01,delivery,IL,High,320814.78,41822.31,71.38,1,0.1303627906420022
2025-01-01,delivery,NY,High,411390.14,39289.16,61.75,1,0.09550340705783567
2025-01-01,delivery,TX,Critical,300793.01,106758.58,85.76,1,0.35492373975046826
2025-01-01,logistics,CA,Low,417275.71,0.0,23.21,1,0.0
2025-01-01,logistics,CO,Critical,205526.27,159227.68,87.89500000000001,2,0.7747315221552943
2025-01-01,logistics,CO,High,431294.31,61823.94,70.01,1,0.1433451324688239
2025-01-01,logistics,CO,Low,335354.19,0.0,26.99,1,0.0
2025-01-01,logistics,FL,Critical,135859.17,26208.48,89.23,1,0.19290917204926247
2025-01-01,logistics,FL,High,415176.56,53172.83,71.48,1,0.12807281316652366
2025-01-01,logistics,FL,Low,223871.48,0.0,32.82,1,0.0
2025-01-01,logistics,GA,Critical,79528.68,34814.5,90.25,1,0.4377603148952051
2025-01-01,logistics,GA,High,382126.43,43655.369999999995,68.78,1,0.11424326236737929
2025-01-01,logistics,GA,Low,1271597.18,0.0,25.65,2,0.0
2025-01-01,logistics,IL,Critical,282578.31,160614.8,89.445,2,0.5683904047695664
2025-01-01,logistics,IL,High,292936.9,47198.67,76.37,1,0.16112230995821966
2025-01-01,logistics,NY,Critical,358465.5,141106.27,94.85,1,0.3936397505478212
2025-01-01,mixed_mobility,CA,Critical,247888.19,78040.33,92.95,1,0.31482068589068324
2025-01-01,mixed_mobility,FL,Critical,97802.57,133511.77,92.9,1,1.3651151498370644
2025-01-01,mixed_mobility,GA,Low,103660.63,0.0,29.84,1,0.0
2025-01-01,mixed_mobility,NV,Critical,701742.31,209285.08000000002,86.30000000000001,2,0.2982363711260334
2025-01-01,mixed_mobility,NY,Critical,259630.13,127559.81,95.95,1,0.4913135852144741
2025-01-01,mixed_mobility,NY,High,310491.55,25581.36,64.16,1,0.08238987502236374
2025-01-01,mixed_mobility,NY,Medium,671107.82,27620.85,45.21,1,0.04115709752868026
2025-01-01,mixed_mobility,TX,Critical,185169.29,67724.13,100.0,1,0.36574169507265486
2025-01-01,mixed_mobility,TX,Low,80041.07,0.0,24.8,1,0.0
2025-01-01,mixed_mobility,WA,Critical,166429.8,76894.38,89.68,1,0.462022906955365
2025-01-01,rideshare,AZ,High,458724.25,53999.81,70.99,1,0.11771736506190811
2025-01-01,rideshare,CA,Critical,307290.43,89056.84,81.76,1,0.28981325581795697
2025-01-01,rideshare,CO,Critical,328557.07999999996,175413.34000000003,88.78,2,0.5338900017007701
2025-01-01,rideshare,CO,High,422091.7,28381.96,60.68,1,0.06724121796282656
2025-01-01,rideshare,CO,Low,321875.01,0.0,29.28,1,0.0
2025-01-01,rideshare,FL,Critical,336660.54,113052.73,91.51,1,0.3358062991284931
2025-01-01,rideshare,FL,High,312623.27,49897.369999999995,76.62,1,0.15960862414368576
2025-01-01,rideshare,GA,Critical,411112.44,71967.05,88.43,1,0.1750544206348998
2025-01-01,rideshare,GA,High,895254.5900000001,89748.79000000001,66.28,2,0.10024946088240665
2025-01-01,rideshare,IL,Critical,444158.55,189490.75,91.80000000000001,2,0.4266286216937623
2025-01-01,rideshare,NV,Low,542876.55,0.0,24.784999999999997,2,0.0
2025-01-01,rideshare,NV,Medium,601953.99,34642.83,52.86,1,0.05755062774814401
2025-01-01,rideshare,TX,Critical,289240.81,58621.44,83.6,1,0.20267347474237818
2025-01-01,rideshare,TX,High,621179.16,95950.36,77.85,1,0.15446487290397828
2025-01-01,rideshare,TX,Medium,403766.64,0.0,37.88,1,0.0
2025-02-01,autonomous_taxi,AZ,Critical,563321.74,205616.3,94.125,2,0.3650068609104275
2025-02-01,autonomous_taxi,AZ,Low,360265.06,0.0,24.73,1,0.0
2025-02-01,autonomous_taxi,AZ,Medium,256395.03,12152.92,50.45,1,0.04739920270685434
2025-02-01,autonomous_taxi,CO,Critical,790588.04,159864.12,90.08,1,0.20220913030761253
2025-02-01,autonomous_taxi,CO,High,835553.13,75315.38,66.61,1,0.09013834943087341
2025-02-01,autonomous_taxi,CO,Low,115387.49,0.0,21.41,1,0.0
2025-02-01,autonomous_taxi,FL,High,339263.46,32390.33,61.14,1,0.09547249798136233
2025-02-01,autonomous_taxi,FL,Low,301659.37,0.0,23.9,1,0.0
2025-02-01,autonomous_taxi,GA,Critical,457557.61,142149.6,96.25999999999999,2,0.31067038749503045
2025-02-01,autonomous_taxi,GA,Low,520848.67,0.0,32.37,1,0.0
2025-02-01,autonomous_taxi,IL,High,393900.2,48890.85,71.88,1,0.12411989128210647
2025-02-01,autonomous_taxi,IL,Medium,214425.71,10218.56,45.78,1,0.047655479373252395
2025-02-01,autonomous_taxi,NV,Critical,347775.29,85952.52,90.02,1,0.24714958903491968
2025-02-01,autonomous_taxi,NV,Medium,408992.69,38471.06,53.28,1,0.09406295256768525
2025-02-01,autonomous_taxi,NY,Critical,141852.61,41279.54,85.38,1,0.29100303476968103
2025-02-01,autonomous_taxi,NY,Low,651419.67,0.0,32.93,1,0.0
2025-02-01,autonomous_taxi,TX,Low,259105.12,0.0,23.97,1,0.0
2025-02-01,delivery,AZ,Low,182792.84,0.0,21.33,1,0.0
2025-02-01,delivery,AZ,Medium,640981.28,28480.050000000003,50.335,2,0.044431952833318314
2025-02-01,delivery,CA,Critical,376950.96,85813.26000000001,97.56,1,0.22765099205477551
2025-02-01,delivery,CA,High,77248.35,7964.76,63.42,1,0.10310589158215029
2025-02-01,delivery,CA,Medium,475195.16,16826.55,48.87,1,0.03540976722069307
2025-02-01,delivery,GA,Critical,265753.48,75522.78,93.945,2,0.2841835975205292
2025-02-01,delivery,IL,Critical,94540.16,26398.52,88.74,1,0.27923075230674455
2025-02-01,delivery,IL,High,562292.24,64780.05,67.9,2,0.11520708519825919
2025-02-01,delivery,IL,Low,391692.47,0.0,30.94,2,0.0
2025-02-01,delivery,NY,Low,411390.14,0.0,25.06,1,0.0
2025-02-01,delivery,TX,Critical,300793.01,126973.47,86.48,1,0.4221290581187375
2025-02-01,logistics,CA,Medium,417275.71,9383.71,42.07,1,0.022488033151989602
2025-02-01,logistics,CO,Critical,205526.27,81804.44,87.28,2,0.3980242525687836
2025-02-01,logistics,CO,High,431294.31,47861.65,62.75,1,0.11097213408635045
2025-02-01,logistics,CO,Low,335354.19,0.0,27.67,1,0.0
2025-02-01,logistics,FL,Critical,359730.65,328469.83999999997,99.015,2,0.9130993981191203
2025-02-01,logistics,FL,Low,415176.56,0.0,26.63,1,0.0
2025-02-01,logistics,GA,Critical,79528.68,91437.73,92.29,1,1.1497453497279222
2025-02-01,logistics,GA,High,1653723.6099999999,186520.12,69.62666666666667,3,0.11278796461036195
2025-02-01,logistics,IL,Critical,282578.31,174655.81,87.3,2,0.6180793210915586
2025-02-01,logistics,IL,Low,292936.9,0.0,23.68,1,0.0
2025-02-01,logistics,NY,High,358465.5,36178.41,65.99,1,0.10092577946831705
2025-02-01,mixed_mobility,CA,Medium,247888.19,14254.04,56.88,1,0.05750189228458202
2025-02-01,mixed_mobility,FL,Critical,97802.57,94069.87,93.64,1,0.9618343362551719
2025-02-01,mixed_mobility,GA,Critical,103660.63,89025.8,93.1,1,0.8588197852936066
2025-02-01,mixed_mobility,NV,Critical,102643.55,44619.38,87.25,1,0.4347022292194687
2025-02-01,mixed_mobility,NV,High,599098.76,56552.56,63.58,1,0.09439605583560212
2025-02-01,mixed_mobility,NY,High,259630.13,30622.1,73.1,1,0.1179450936607396
2025-02-01,mixed_mobility,NY,Medium,981599.3699999999,69538.8,54.46,2,0.07084234375578298
2025-02-01,mixed_mobility,TX,Critical,265210.36,176592.89,92.65,2,0.6658596971852835
2025-02-01,mixed_mobility,WA,Medium,166429.8,7645.69,50.47,1,0.0459394291166606
2025-02-01,rideshare,AZ,Critical,458724.25,140996.83000000002,93.3,1,0.3073672909160569
2025-02-01,rideshare,CA,Medium,307290.43,8868.37,38.05,1,0.02885989648294612
2025-02-01,rideshare,CO,Critical,170143.34,50450.91,90.91,1,0.296520040102657
2025-02-01,rideshare,CO,High,743966.71,58744.84,64.49000000000001,2,0.07896165138894454
2025-02-01,rideshare,CO,Medium,158413.74,4576.74,40.26,1,0.028891054525952104
2025-02-01,rideshare,FL,Critical,336660.54,174341.86,92.29,1,0.5178565328743309
2025-02-01,rideshare,FL,High,312623.27,46720.05,73.97,1,0.1494452092449804
2025-02-01,rideshare,GA,Critical,411112.44,119000.96,97.28,1,0.2894608589319263
2025-02-01,rideshare,GA,High,419053.26,38763.39,65.17,1,0.09250229911109628
2025-02-01,rideshare,GA,Low,476201.33,0.0,25.96,1,0.0
2025-02-01,rideshare,IL,Critical,444158.55,184553.68,91.39,2,0.41551306397231347
2025-02-01,rideshare,NV,Critical,131879.89,115150.56,87.12,1,0.8731472251000512
2025-02-01,rideshare,NV,High,601953.99,67770.20999999999,65.34,1,0.1125837042794583
2025-02-01,rideshare,NV,Medium,410996.66,15327.37,47.71,1,0.03729317410997939
2025-02-01,rideshare,TX,Critical,693007.45,160955.66,86.765,2,0.2322567527953704
2025-02-01,rideshare,TX,Medium,621179.16,34667.2,54.57,1,0.05580869776764564
2025-03-01,autonomous_taxi,AZ,Critical,555266.28,124329.34,84.265,2,0.22390940072932214
2025-03-01,autonomous_taxi,AZ,Low,624715.55,0.0,25.075,2,0.0
2025-03-01,autonomous_taxi,CO,Critical,115387.49,38100.56,84.29,1,0.33019662703469843
2025-03-01,autonomous_taxi,CO,Medium,1626141.17,59414.240000000005,51.875,2,0.036536950847877496
2025-03-01,autonomous_taxi,FL,Critical,339263.46,82788.97,85.91,1,0.24402560181400024
2025-03-01,autonomous_taxi,FL,High,301659.37,31980.3,62.76,1,0.1060146084638445
2025-03-01,autonomous_taxi,GA,Critical,187675.55,58009.899999999994,90.92,1,0.30909673636230184
2025-03-01,autonomous_taxi,GA,High,520848.67,51134.31,73.99,1,0.0981749843001423
2025-03-01,autonomous_taxi,GA,Low,269882.06,0.0,27.98,1,0.0
2025-03-01,autonomous_taxi,IL,Low,214425.71,0.0,21.28,1,0.0
2025-03-01,autonomous_taxi,IL,Medium,393900.2,24188.26,58.16,1,0.06140707722412935
2025-03-01,autonomous_taxi,NV,High,347775.29,40476.09,69.0,1,0.11638575587126963
2025-03-01,autonomous_taxi,NV,Medium,408992.69,41783.5,56.86,1,0.10216197262596552
2025-03-01,autonomous_taxi,NY,High,651419.67,67367.0,72.7,1,0.10341566750663209
2025-03-01,autonomous_taxi,NY,Medium,141852.61,1317.08,35.46,1,0.009284848548080997
2025-03-01,autonomous_taxi,TX,Critical,259105.12,75216.89,86.08,1,0.2902948810891888
2025-03-01,delivery,AZ,Critical,185299.55,134436.9,89.02,1,0.7255112060444832
2025-03-01,delivery,AZ,Low,455681.73,0.0,30.08,1,0.0
2025-03-01,delivery,AZ,Medium,182792.84,12646.36,54.36,1,0.06918411027477882
2025-03-01,delivery,CA,Critical,77248.35,38492.8,89.57,1,0.4982993164255288
2025-03-01,delivery,CA,High,376950.96,20188.11,60.69,1,0.05355632997989977
2025-03-01,delivery,CA,Low,475195.16,0.0,24.7,1,0.0
2025-03-01,delivery,GA,Critical,265753.48,179113.22,94.855,2,0.6739825946964082
2025-03-01,delivery,IL,Critical,94540.16,78029.43,91.46,1,0.8253574988660902
2025-03-01,delivery,IL,High,732331.2,71550.57,66.05,3,0.09770247396260054
2025-03-01,delivery,IL,Medium,221653.51,0.0,35.39,1,0.0
2025-03-01,delivery,NY,Medium,411390.14,17902.44,49.94,1,0.04351693990526851
2025-03-01,delivery,TX,Critical,300793.01,63848.67,83.96,1,0.21226779837736254
2025-03-01,logistics,CA,Medium,417275.71,17011.69,45.94,1,0.04076846457226086
2025-03-01,logistics,CO,Critical,396704.71,183391.36000000002,90.88,2,0.46228682286126627
2025-03-01,logistics,CO,High,144175.75,16537.54,65.31,1,0.11470403309849264
2025-03-01,logistics,CO,Medium,431294.31,11432.14,42.37,1,0.02650658665077218
2025-03-01,logistics,FL,Critical,359730.65,113128.51999999999,95.895,2,0.3144811819621152
2025-03-01,logistics,FL,Low,415176.56,0.0,27.57,1,0.0
2025-03-01,logistics,GA,Critical,1023422.19,414800.49,90.86000000000001,3,0.4053073052871758
2025-03-01,logistics,GA,Low,709830.1,0.0,23.26,1,0.0
2025-03-01,logistics,IL,Critical,60976.92,17667.39,82.97,1,0.28973897008901073
2025-03-01,logistics,IL,Medium,514538.29000000004,14396.349999999999,45.400000000000006,2,0.027979161667443637
2025-03-01,logistics,NY,Critical,358465.5,134331.88,90.94,1,0.3747414465269322
2025-03-01,mixed_mobility,CA,Critical,247888.19,115061.82,93.83,1,0.4641682203577347
2025-03-01,mixed_mobility,FL,Critical,97802.57,144332.32,96.44,1,1.475751813065853
2025-03-01,mixed_mobility,GA,Critical,103660.63,154723.23,96.13,1,1.4925939578024945
2025-03-01,mixed_mobility,NV,Low,102643.55,0.0,18.1,1,0.0
2025-03-01,mixed_mobility,NV,Medium,599098.76,17155.79,48.12,1,0.028635996509156523
2025-03-01,mixed_mobility,NY,Critical,570121.6799999999,146388.09,92.325,2,0.2567663976574264
2025-03-01,mixed_mobility,NY,Medium,671107.82,24930.32,43.63,1,0.03714800998742646
2025-03-01,mixed_mobility,TX,Critical,265210.36,260781.77,95.94,2,0.9833015950055647
2025-03-01,mixed_mobility,WA,High,166429.8,19966.88,69.11,1,0.11997178389927766
2025-03-01,rideshare,AZ,Low,458724.25,0.0,27.25,1,0.0
2025-03-01,rideshare,CA,Critical,307290.43,86787.93,82.3,1,0.28242965457791835
2025-03-01,rideshare,CO,Critical,328557.07999999996,205155.41,86.67,2,0.6244132982920351
2025-03-01,rideshare,CO,High,422091.7,39545.61,64.7,1,0.09368961768260309
2025-03-01,rideshare,CO,Low,321875.01,0.0,28.5,1,0.0
2025-03-01,rideshare,FL,Critical,312623.27,57812.79,81.51,1,0.18492798056907278
2025-03-01,rideshare,FL,High,336660.54,37727.43,69.5,1,0.1120637126049878
2025-03-01,rideshare,GA,Critical,419053.26,73941.7,85.73,1,0.17644940884125324
2025-03-01,rideshare,GA,High,476201.33,74527.79999999999,77.17,1,0.15650481278580214
2025-03-01,rideshare,GA,Medium,411112.44,13412.39,54.17,1,0.0326246269755301
2025-03-01,rideshare,IL,Critical,444158.55,225406.78,92.28999999999999,2,0.507491705383134
2025-03-01,rideshare,NV,Critical,131879.89,48410.71,84.55,1,0.3670818196769803
2025-03-01,rideshare,NV,Low,410996.66,0.0,24.86,1,0.0
2025-03-01,rideshare,NV,Medium,601953.99,22871.79,48.01,1,0.03799591061768691
2025-03-01,rideshare,TX,Critical,403766.64,73976.01000000001,90.63,1,0.18321476484535723
2025-03-01,rideshare,TX,High,289240.81,31421.47,67.66,1,0.10863428988461207
2025-03-01,rideshare,TX,Medium,621179.16,34419.35,54.33,1,0.055409698548161204
2025-04-01,autonomous_taxi,AZ,Critical,264450.49,66058.97,88.27,1,0.2497971170331354
2025-04-01,autonomous_taxi,AZ,High,659136.31,55756.44,65.295,2,0.0845901510114046
2025-04-01,autonomous_taxi,AZ,Low,256395.03,0.0,25.63,1,0.0
2025-04-01,autonomous_taxi,CO,Critical,835553.13,120669.71,80.07,1,0.1444189551417275
2025-04-01,autonomous_taxi,CO,Low,905975.53,0.0,22.555,2,0.0
2025-04-01,autonomous_taxi,FL,Critical,339263.46,94165.31,87.65,1,0.27755806652446446
2025-04-01,autonomous_taxi,FL,Low,301659.37,0.0,22.05,1,0.0
2025-04-01,autonomous_taxi,GA,Critical,187675.55,77186.32,91.99,1,0.4112753099697857
2025-04-01,autonomous_taxi,GA,High,520848.67,56693.95,75.09,1,0.10884917878354186
2025-04-01,autonomous_taxi,GA,Medium,269882.06,10785.31,54.16,1,0.03996304904446038
2025-04-01,autonomous_taxi,IL,High,393900.2,30820.25,62.32,1,0.07824380388738061
2025-04-01,autonomous_taxi,IL,Medium,214425.71,11751.39,47.67,1,0.05480401580575389
2025-04-01,autonomous_taxi,NV,Low,347775.29,0.0,27.78,1,0.0
2025-04-01,autonomous_taxi,NV,Medium,408992.69,31994.8,48.69,1,0.07822829302890474
2025-04-01,autonomous_taxi,NY,Critical,651419.67,147681.97,97.88,1,0.22670787635258233
2025-04-01,autonomous_taxi,NY,High,141852.61,24710.05,77.03,1,0.1741952439225475
2025-04-01,autonomous_taxi,TX,Critical,259105.12,142508.69,88.22,1,0.5500033731483192
2025-04-01,delivery,AZ,Critical,823774.12,199629.4,86.86666666666667,3,0.24233511972918012
2025-04-01,delivery,CA,Low,77248.35,0.0,25.78,1,0.0
2025-04-01,delivery,CA,Medium,852146.12,33323.93,51.8,2,0.03910588714527034
2025-04-01,delivery,GA,Critical,106351.76,56114.89,91.61,1,0.5276348035989249
2025-04-01,delivery,GA,High,159401.72,15866.82,67.93,1,0.0995398293067352
2025-04-01,delivery,IL,Critical,486232.63,203676.49,93.55333333333333,3,0.41888692250045
2025-04-01,delivery,IL,High,320814.78,30706.66,63.4,1,0.09571460516875188
2025-04-01,delivery,IL,Low,241477.46,0.0,26.52,1,0.0
2025-04-01,delivery,NY,Critical,411390.14,120518.45,89.34,1,0.2929541529604963
2025-04-01,delivery,TX,Medium,300793.01,12146.7,45.82,1,0.04038225489348971
2025-04-01,logistics,CA,Low,417275.71,0.0,22.29,1,0.0
2025-04-01,logistics,CO,Critical,827999.02,279181.15,89.83666666666666,3,0.3371757010050568
2025-04-01,logistics,CO,Low,144175.75,0.0,24.2,1,0.0
2025-04-01,logistics,FL,Critical,774907.2100000001,234378.69,93.88,3,0.30246032941156914
2025-04-01,logistics,GA,Critical,79528.68,130192.09,92.09,1,1.6370457802141316
2025-04-01,logistics,GA,High,561767.08,40828.66,60.19,1,0.07267898289803669
2025-04-01,logistics,GA,Low,1091956.53,0.0,24.715,2,0.0
2025-04-01,logistics,IL,Critical,282578.31,124825.08,86.875,2,0.44173623941625245
2025-04-01,logistics,IL,High,292936.9,42588.73,71.07,1,0.14538533725181088
2025-04-01,logistics,NY,Low,358465.5,0.0,27.88,1,0.0
2025-04-01,mixed_mobility,CA,Critical,247888.19,48167.53,90.24,1,0.19431151601050456
2025-04-01,mixed_mobility,FL,Critical,97802.57,78941.48000000001,93.88,1,0.8071513867171385
2025-04-01,mixed_mobility,GA,Critical,103660.63,108279.03,92.9,1,1.0445530767081002
2025-04-01,mixed_mobility,NV,Critical,102643.55,68935.20999999999,82.13,1,0.6715980692405903
2025-04-01,mixed_mobility,NV,Medium,599098.76,17402.11,48.21,1,0.029047147418565848
2025-04-01,mixed_mobility,NY,Critical,570121.6799999999,124891.84,92.81,2,0.21906172731407095
2025-04-01,mixed_mobility,NY,Medium,671107.82,47846.82,53.2,1,0.07129528009374113
2025-04-01,mixed_mobility,TX,Critical,185169.29,41873.84,100.0,1,0.22613814634165305
2025-04-01,mixed_mobility,TX,Low,80041.07,0.0,27.01,1,0.0
2025-04-01,mixed_mobility,WA,Low,166429.8,0.0,24.81,1,0.0
2025-04-01,rideshare,AZ,Medium,458724.25,2764.49,42.22,1,0.006026474510558358
2025-04-01,rideshare,CA,High,307290.43,38636.73,62.24,1,0.12573359346075308
2025-04-01,rideshare,CO,Critical,743966.71,225442.84,95.76,2,0.3030281287720522
2025-04-01,rideshare,CO,High,328557.07999999996,50359.979999999996,74.235,2,0.1532761978527445
2025-04-01,rideshare,FL,Critical,336660.54,70366.56,90.77,1,0.2090133877881857
2025-04-01,rideshare,FL,Low,312623.27,0.0,25.13,1,0.0
2025-04-01,rideshare,GA,Critical,887313.77,172489.33,86.53,2,0.1943949658304074
2025-04-01,rideshare,GA,High,419053.26,57365.03,75.48,1,0.13689197883820303
2025-04-01,rideshare,IL,Critical,444158.55,178209.43,92.91499999999999,2,0.40122931327112804
2025-04-01,rideshare,NV,Critical,131879.89,76817.76000000001,86.32,1,0.582482742440868
2025-04-01,rideshare,NV,High,601953.99,79633.45,69.17,1,0.13229158926249496
2025-04-01,rideshare,NV,Low,410996.66,0.0,25.85,1,0.0
2025-04-01,rideshare,TX,Critical,403766.64,84145.04999999999,95.89,1,0.20840020364238113
2025-04-01,rideshare,TX,Low,289240.81,0.0,24.61,1,0.0
2025-04-01,rideshare,TX,Medium,621179.16,18845.49,47.28,1,0.030338252171885485
2025-05-01,autonomous_taxi,AZ,Critical,264450.49,85076.01000000001,87.63,1,0.3217086495094035
2025-05-01,autonomous_taxi,AZ,High,659136.31,62464.66,67.55,2,0.09476743892321757
2025-05-01,autonomous_taxi,AZ,Medium,256395.03,20856.76,59.98,1,0.0813461945810728
2025-05-01,autonomous_taxi,CO,Critical,950940.62,253798.01,87.67500000000001,2,0.2668915436591614
2025-05-01,autonomous_taxi,CO,High,790588.04,132849.93,79.65,1,0.1680393874918725
2025-05-01,autonomous_taxi,FL,Critical,301659.37,151416.66,86.91,1,0.5019458205458693
2025-05-01,autonomous_taxi,FL,Low,339263.46,0.0,20.72,1,0.0
2025-05-01,autonomous_taxi,GA,Critical,187675.55,72647.19,93.05,1,0.38708926122768794
2025-05-01,autonomous_taxi,GA,High,520848.67,57725.37,75.38,1,0.11082944687177565
2025-05-01,autonomous_taxi,GA,Low,269882.06,0.0,32.34,1,0.0
2025-05-01,autonomous_taxi,IL,Critical,214425.71,71514.61,83.71,1,0.33351695559268524
2025-05-01,autonomous_taxi,IL,Low,393900.2,0.0,27.82,1,0.0
2025-05-01,autonomous_taxi,NV,Critical,408992.69,96538.41,80.51,1,0.23603945097405044
2025-05-01,autonomous_taxi,NV,Medium,347775.29,21163.04,55.79,1,0.06085262699371195
2025-05-01,autonomous_taxi,NY,Critical,651419.67,106848.88,87.06,1,0.1640246448192146
2025-05-01,autonomous_taxi,NY,Low,141852.61,0.0,21.82,1,0.0
2025-05-01,autonomous_taxi,TX,Medium,259105.12,20029.05,56.64,1,0.07730086537849966
2025-05-01,delivery,AZ,High,640981.28,84185.64,73.61500000000001,2,0.13133868745745586
2025-05-01,delivery,AZ,Medium,182792.84,15034.08,56.61,1,0.08224654751247368
2025-05-01,delivery,CA,High,852146.12,88155.32,68.9,2,0.10345094336637947
2025-05-01,delivery,CA,Low,77248.35,0.0,28.54,1,0.0
2025-05-01,delivery,GA,Critical,265753.48,180256.09,94.37,2,0.6782830840070279
2025-05-01,delivery,IL,Critical,264579.12,135461.37,91.93,2,0.5119881342110443
2025-05-01,delivery,IL,High,241477.46,24140.79,65.53,1,0.09997119399881049
2025-05-01,delivery,IL,Medium,542468.29,12142.04,48.115,2,0.02238294887245852
2025-05-01,delivery,NY,Critical,411390.14,87286.42,86.61,1,0.21217431219912075
2025-05-01,delivery,TX,Medium,300793.01,12266.57,45.22,1,0.040780768143515035
2025-05-01,logistics,CA,Medium,417275.71,31268.39,55.74,1,0.07493460378990188
2025-05-01,logistics,CO,Critical,335354.19,68527.81,91.37,1,0.20434457669963807
2025-05-01,logistics,CO,High,575470.06,86433.7,74.235,2,0.15019669311727527
2025-05-01,logistics,CO,Medium,61350.52,5907.91,59.1,1,0.0962976352930668
2025-05-01,logistics,FL,Critical,359730.65,301698.32,98.88499999999999,2,0.8386783833960214
2025-05-01,logistics,FL,High,415176.56,44397.98,66.98,1,0.10693758819139501
2025-05-01,logistics,GA,Critical,79528.68,78751.17000000001,92.46,1,0.9902235269087833
2025-05-01,logistics,GA,High,1271597.18,137342.86,67.435,2,0.10800815082021493
2025-05-01,logistics,GA,Medium,382126.43,17604.66,53.23,1,0.046070249576821994
2025-05-01,logistics,IL,Critical,353913.82,103618.95999999999,85.175,2,0.292780202818867
2025-05-01,logistics,IL,Medium,221601.39,18979.69,59.49,1,0.08564788334585806
2025-05-01,logistics,NY,High,358465.5,32226.77,63.62,1,0.08990201288547991
2025-05-01,mixed_mobility,CA,Critical,247888.19,133346.91,94.09,1,0.5379316779875637
2025-05-01,mixed_mobility,FL,Critical,97802.57,45558.07,91.3,1,0.465816695818934
2025-05-01,mixed_mobility,GA,Critical,103660.63,161933.17,96.52,1,1.562147268447047
2025-05-01,mixed_mobility,NV,High,701742.31,118496.86,76.07,2,0.16886093130112104
2025-05-01,mixed_mobility,NY,Critical,259630.13,46162.15,86.5,1,0.17779966446883497
2025-05-01,mixed_mobility,NY,High,310491.55,26197.25,65.9,1,0.08437347167740958
2025-05-01,mixed_mobility,NY,Medium,671107.82,43059.79,52.95,1,0.06416225339171283
2025-05-01,mixed_mobility,TX,Critical,265210.36,101871.73999999999,94.97999999999999,2,0.3841167441573549
2025-05-01,mixed_mobility,WA,Low,166429.8,0.0,25.94,1,0.0
2025-05-01,rideshare,AZ,Low,458724.25,0.0,27.33,1,0.0
2025-05-01,rideshare,CA,Medium,307290.43,27055.65,54.5,1,0.08804585941709933
2025-05-01,rideshare,CO,Critical,1072523.79,300685.72,90.0,4,0.28035342693890264
2025-05-01,rideshare,FL,Critical,336660.54,202498.46,93.37,1,0.6014915202120213
2025-05-01,rideshare,FL,High,312623.27,38909.33,69.47,1,0.1244607607104871
2025-05-01,rideshare,GA,Critical,887313.77,183469.41999999998,91.695,2,0.20676949485411455
2025-05-01,rideshare,GA,Medium,419053.26,18082.86,53.19,1,0.043151698664747294
2025-05-01,rideshare,IL,Critical,82023.67,195293.57,92.7,1,2.3809416233143432
2025-05-01,rideshare,IL,Low,362134.88,0.0,30.88,1,0.0
2025-05-01,rideshare,NV,Critical,131879.89,45837.06,84.93,1,0.34756671392431393
2025-05-01,rideshare,NV,Low,410996.66,0.0,25.46,1,0.0
2025-05-01,rideshare,NV,Medium,601953.99,27721.79,49.42,1,0.04605300481520191
2025-05-01,rideshare,TX,Low,1024945.8,0.0,27.645000000000003,2,0.0
2025-05-01,rideshare,TX,Medium,289240.81,26438.57,59.46,1,0.09140677624295133
2025-06-01,autonomous_taxi,AZ,Critical,298871.25,76124.41,96.85,1,0.2547063660355421
2025-06-01,autonomous_taxi,AZ,High,264450.49,29407.8,65.78,1,0.11120342412676187
2025-06-01,autonomous_taxi,AZ,Low,256395.03,0.0,23.77,1,0.0
2025-06-01,autonomous_taxi,AZ,Medium,360265.06,12371.78,49.26,1,0.034340771208842734
2025-06-01,autonomous_taxi,CO,Critical,950940.62,308987.43,90.505,2,0.3249282063479421
2025-06-01,autonomous_taxi,CO,High,790588.04,74194.9,63.14,1,0.0938477389564355
2025-06-01,autonomous_taxi,FL,Critical,301659.37,58371.59,83.7,1,0.19350166381372472
2025-06-01,autonomous_taxi,FL,Low,339263.46,0.0,21.84,1,0.0
2025-06-01,autonomous_taxi,GA,Critical,790730.73,148870.59,92.97,2,0.18826964015929923
2025-06-01,autonomous_taxi,GA,Medium,187675.55,2498.88,44.69,1,0.013314893708850195
2025-06-01,autonomous_taxi,IL,Low,214425.71,0.0,20.52,1,0.0
2025-06-01,autonomous_taxi,IL,Medium,393900.2,8965.81,47.98,1,0.022761628453095477
2025-06-01,autonomous_taxi,NV,Critical,408992.69,145124.79,82.86,1,0.35483467931908513
2025-06-01,autonomous_taxi,NV,High,347775.29,41032.73,70.11,1,0.11798632962106079
2025-06-01,autonomous_taxi,NY,High,651419.67,62420.16,71.28,1,0.09582173040614508
2025-06-01,autonomous_taxi,NY,Medium,141852.61,12681.87,56.82,1,0.08940173888940078
2025-06-01,autonomous_taxi,TX,Critical,259105.12,136988.02,89.76,1,0.5286966926782458
2025-06-01,delivery,AZ,Critical,368092.39,181320.34,88.505,2,0.49259464451302565
2025-06-01,delivery,AZ,High,455681.73,42338.34,67.42,1,0.0929120858104186
2025-06-01,delivery,CA,High,475195.16,50208.3,67.15,1,0.10565827311877504
2025-06-01,delivery,CA,Low,454199.31000000006,0.0,28.545,2,0.0
2025-06-01,delivery,GA,Critical,265753.48,77533.72,93.24000000000001,2,0.29175053511999166
2025-06-01,delivery,IL,Critical,1048524.87,329296.56999999995,89.356,5,0.31405699513832225
2025-06-01,delivery,NY,Critical,411390.14,160519.57,91.08,1,0.3901881800083979
2025-06-01,delivery,TX,Critical,300793.01,95313.35,86.06,1,0.31687355367732783
2025-06-01,logistics,CA,High,417275.71,44792.81,62.93,1,0.1073458361618988
2025-06-01,logistics,CO,Critical,144175.75,48372.44,86.34,1,0.3355102366382696
2025-06-01,logistics,CO,Low,396704.71,0.0,25.645,2,0.0
2025-06-01,logistics,CO,Medium,431294.31,19802.32,46.39,1,0.04591370565496215
2025-06-01,logistics,FL,Critical,135859.17,33197.56,94.45,1,0.24435273673466423
2025-06-01,logistics,FL,High,415176.56,39725.26,66.03,1,0.09568281022416102
2025-06-01,logistics,FL,Medium,223871.48,10171.7,58.58,1,0.04543544358575733
2025-06-01,logistics,GA,Critical,461655.11,179395.31,93.05,2,0.38859162633334654
2025-06-01,logistics,GA,Low,561767.08,0.0,26.15,1,0.0
2025-06-01,logistics,GA,Medium,709830.1,23201.56,47.2,1,0.03268607516080257
2025-06-01,logistics,IL,Low,282578.31,0.0,24.405,2,0.0
2025-06-01,logistics,IL,Medium,292936.9,14388.92,49.67,1,0.049119520278940614
2025-06-01,logistics,NY,Low,358465.5,0.0,27.78,1,0.0
2025-06-01,mixed_mobility,CA,Low,247888.19,0.0,31.3,1,0.0
2025-06-01,mixed_mobility,FL,Critical,97802.57,92867.89,93.01,1,0.9495444751605198
2025-06-01,mixed_mobility,GA,Critical,103660.63,20157.25,86.86,1,0.19445424940982897
2025-06-01,mixed_mobility,NV,High,102643.55,61893.31,79.68,1,0.6029926868273748
2025-06-01,mixed_mobility,NV,Medium,599098.76,21752.45,49.07,1,0.03630862130310535
2025-06-01,mixed_mobility,NY,Critical,570121.6799999999,147211.9,91.765,2,0.25821136989563354
2025-06-01,mixed_mobility,NY,Medium,671107.82,67316.58,57.93,1,0.10030665415283048
2025-06-01,mixed_mobility,TX,Critical,265210.36,151681.1,94.465,2,0.5719275069043306
2025-06-01,mixed_mobility,WA,Critical,166429.8,54857.97,88.99,1,0.329616270643839
2025-06-01,rideshare,AZ,Critical,458724.25,142988.92,93.58,1,0.3117099651915067
2025-06-01,rideshare,CA,High,307290.43,37895.11,61.86,1,0.12332017629055354
2025-06-01,rideshare,CO,Critical,750648.78,257006.01,85.67,3,0.34237850889466576
2025-06-01,rideshare,CO,Low,321875.01,0.0,28.44,1,0.0
2025-06-01,rideshare,FL,Critical,336660.54,134540.91,94.39,1,0.39963373788921036
2025-06-01,rideshare,FL,Low,312623.27,0.0,25.42,1,0.0
2025-06-01,rideshare,GA,Critical,476201.33,92780.69,89.38,1,0.1948350081256598
2025-06-01,rideshare,GA,High,411112.44,53978.59,77.69,1,0.13129884855831656
2025-06-01,rideshare,GA,Medium,419053.26,25315.84,57.71,1,0.06041198677227806
2025-06-01,rideshare,IL,Critical,444158.55,137389.19,90.97,2,0.3093246544505335
2025-06-01,rideshare,NV,Critical,131879.89,36222.98,85.66,1,0.27466644080458363
2025-06-01,rideshare,NV,High,410996.66,43202.2,66.56,1,0.10511569607402649
2025-06-01,rideshare,NV,Low,601953.99,0.0,23.04,1,0.0
2025-06-01,rideshare,TX,Critical,693007.45,210154.25,94.925,2,0.30324962596000954
2025-06-01,rideshare,TX,Low,621179.16,0.0,25.26,1,0.0
2025-07-01,autonomous_taxi,AZ,Critical,360265.06,68701.37,85.62,1,0.19069673312199634
2025-07-01,autonomous_taxi,AZ,High,298871.25,37948.76,77.43,1,0.12697360485493336
2025-07-01,autonomous_taxi,AZ,Low,264450.49,0.0,25.42,1,0.0
2025-07-01,autonomous_taxi,AZ,Medium,256395.03,13471.76,48.7,1,0.05254298416002837
2025-07-01,autonomous_taxi,CO,Critical,950940.62,214271.71999999997,85.44,2,0.22532607766823545
2025-07-01,autonomous_taxi,CO,Low,790588.04,0.0,24.2,1,0.0
2025-07-01,autonomous_taxi,FL,Critical,339263.46,74650.69,83.95,1,0.22003751892408335
2025-07-01,autonomous_taxi,FL,High,301659.37,54320.83,79.91,1,0.18007340531142793
2025-07-01,autonomous_taxi,GA,Critical,457557.61,151576.3,94.665,2,0.331272601935306
2025-07-01,autonomous_taxi,GA,High,520848.67,43587.19,69.5,1,0.08368494057976572
2025-07-01,autonomous_taxi,IL,Critical,608325.91,186608.56,89.05,2,0.3067575405427002
2025-07-01,autonomous_taxi,NV,Critical,347775.29,57712.89,80.85,1,0.1659487941193292
2025-07-01,autonomous_taxi,NV,Low,408992.69,0.0,15.91,1,0.0
2025-07-01,autonomous_taxi,NY,High,651419.67,61355.03,70.65,1,0.09418664008104022
2025-07-01,autonomous_taxi,NY,Low,141852.61,0.0,23.54,1,0.0
2025-07-01,autonomous_taxi,TX,Critical,259105.12,87816.64,88.98,1,0.33892282792404876
2025-07-01,delivery,AZ,Critical,182792.84,120252.2,88.8,1,0.6578605595273863
2025-07-01,delivery,AZ,High,185299.55,21079.62,69.28,1,0.11375969342613082
2025-07-01,delivery,AZ,Low,455681.73,0.0,29.67,1,0.0
2025-07-01,delivery,CA,Critical,77248.35,21843.95,88.68,1,0.2827756191556195
2025-07-01,delivery,CA,Low,852146.12,0.0,29.715,2,0.0
2025-07-01,delivery,GA,Low,106351.76,0.0,31.27,1,0.0
2025-07-01,delivery,GA,Medium,159401.72,3948.95,50.38,1,0.024773572079397888
2025-07-01,delivery,IL,Critical,170038.96,107237.05,94.28,1,0.6306616436609587
2025-07-01,delivery,IL,Low,316193.67000000004,0.0,30.455,2,0.0
2025-07-01,delivery,IL,Medium,562292.24,25979.059999999998,51.595,2,0.04620206033787697
2025-07-01,delivery,NY,Critical,411390.14,90834.98,87.91,1,0.22080009015286559
2025-07-01,delivery,TX,Medium,300793.01,8868.68,44.19,1,0.029484328774794333
2025-07-01,logistics,CA,Low,417275.71,0.0,21.66,1,0.0
2025-07-01,logistics,CO,Critical,205526.27,97255.56,86.87,2,0.473202574055375
2025-07-01,logistics,CO,Low,335354.19,0.0,26.64,1,0.0
2025-07-01,logistics,CO,Medium,431294.31,6386.95,37.36,1,0.014808797268853372
2025-07-01,logistics,FL,Critical,135859.17,65626.58,96.99,1,0.483048586267677
2025-07-01,logistics,FL,Low,223871.48,0.0,31.92,1,0.0
2025-07-01,logistics,FL,Medium,415176.56,25254.9,55.83,1,0.06082930115322503
2025-07-01,logistics,GA,Critical,641295.76,214611.43,92.33500000000001,2,0.33465281292363447
2025-07-01,logistics,GA,High,1091956.53,135602.33000000002,72.23,2,0.12418290131018311
2025-07-01,logistics,IL,Critical,292936.9,144730.76,89.35,1,0.494068039908936
2025-07-01,logistics,IL,High,221601.39,22582.19,64.75,1,0.10190455032795596
2025-07-01,logistics,IL,Low,60976.92,0.0,21.2,1,0.0
2025-07-01,logistics,NY,Critical,358465.5,180330.81,95.12,1,0.5030632236575068
2025-07-01,mixed_mobility,CA,Medium,247888.19,3478.78,43.77,1,0.014033665742607586
2025-07-01,mixed_mobility,FL,Critical,97802.57,36701.35,91.24,1,0.3752595662874707
2025-07-01,mixed_mobility,GA,Critical,103660.63,22448.17,88.0,1,0.21655444308991753
2025-07-01,mixed_mobility,NV,Critical,102643.55,91799.67,83.58,1,0.8943540047085277
2025-07-01,mixed_mobility,NV,Medium,599098.76,43668.06,58.28,1,0.0728895850159997
2025-07-01,mixed_mobility,NY,Critical,671107.82,125668.98,80.62,1,0.18725602094757293
2025-07-01,mixed_mobility,NY,High,310491.55,28610.03,68.56,1,0.09214431117368573
2025-07-01,mixed_mobility,NY,Low,259630.13,0.0,30.17,1,0.0
2025-07-01,mixed_mobility,TX,Critical,265210.36,192390.59999999998,92.98,2,0.7254264124523642
2025-07-01,mixed_mobility,WA,Low,166429.8,0.0,26.57,1,0.0
2025-07-01,rideshare,AZ,Critical,458724.25,113978.98,94.35,1,0.24846948902308957
2025-07-01,rideshare,CA,Low,307290.43,0.0,17.19,1,0.0
2025-07-01,rideshare,CO,Critical,170143.34,61820.11,89.63,1,0.3633413450094491
2025-07-01,rideshare,CO,Low,422091.7,0.0,29.26,1,0.0
2025-07-01,rideshare,CO,Medium,480288.75,24762.1,52.89,2,0.051556693759743484
2025-07-01,rideshare,FL,High,312623.27,36779.71,65.95,1,0.11764866383746801
2025-07-01,rideshare,FL,Low,336660.54,0.0,28.79,1,0.0
2025-07-01,rideshare,GA,Critical,419053.26,69276.33,82.21,1,0.16531628939004078
2025-07-01,rideshare,GA,High,476201.33,52050.7,64.33,1,0.10930397863441497
2025-07-01,rideshare,GA,Medium,411112.44,11127.94,53.81,1,0.02706787466708621
2025-07-01,rideshare,IL,Critical,82023.67,46101.34,88.12,1,0.5620492231084027
2025-07-01,rideshare,IL,Low,362134.88,0.0,31.94,1,0.0
2025-07-01,rideshare,NV,Critical,131879.89,61459.78,86.38,1,0.4660284445187207
2025-07-01,rideshare,NV,High,601953.99,91220.8,76.84,1,0.1515411501799332
2025-07-01,rideshare,NV,Medium,410996.66,35862.45,59.98,1,0.08725727844114353
2025-07-01,rideshare,TX,Low,1314186.61,0.0,26.25,3,0.0
2025-08-01,autonomous_taxi,AZ,Critical,256395.03,77584.28,89.38,1,0.302596661097526
2025-08-01,autonomous_taxi,AZ,Medium,923586.8,33513.479999999996,51.303333333333335,3,0.036286226697912954
2025-08-01,autonomous_taxi,CO,Critical,115387.49,57983.58,84.07,1,0.5025118407550073
2025-08-01,autonomous_taxi,CO,Low,790588.04,0.0,25.06,1,0.0
2025-08-01,autonomous_taxi,CO,Medium,835553.13,7202.89,46.88,1,0.008620505077875778
2025-08-01,autonomous_taxi,FL,High,301659.37,52424.4,76.9,1,0.17378674496336713
2025-08-01,autonomous_taxi,FL,Medium,339263.46,26863.9,58.05,1,0.0791830042645913
2025-08-01,autonomous_taxi,GA,Critical,269882.06,75594.03,92.32,1,0.2801002408237139
2025-08-01,autonomous_taxi,GA,High,187675.55,24468.66,73.45,1,0.13037745193766584
2025-08-01,autonomous_taxi,GA,Low,520848.67,0.0,33.06,1,0.0
2025-08-01,autonomous_taxi,IL,Medium,608325.91,30248.08,49.120000000000005,2,0.04972347799553697
2025-08-01,autonomous_taxi,NV,Critical,347775.29,59558.71,81.5,1,0.17125630173437567
2025-08-01,autonomous_taxi,NV,Medium,408992.69,34630.32,53.25,1,0.0846722223812851
2025-08-01,autonomous_taxi,NY,Critical,141852.61,31128.98,85.79,1,0.21944594463224895
2025-08-01,autonomous_taxi,NY,Low,651419.67,0.0,31.97,1,0.0
2025-08-01,autonomous_taxi,TX,High,259105.12,27426.86,62.21,1,0.10585225023727822
2025-08-01,delivery,AZ,Critical,638474.57,176198.37,89.955,2,0.27596771786854407
2025-08-01,delivery,AZ,High,185299.55,18413.86,63.48,1,0.09937347392370895
2025-08-01,delivery,CA,Low,552443.51,0.0,25.125,2,0.0
2025-08-01,delivery,CA,Medium,376950.96,6740.4,52.35,1,0.017881371094001192
2025-08-01,delivery,GA,Critical,106351.76,186964.04,99.9,1,1.7579778651523963
2025-08-01,delivery,GA,Low,159401.72,0.0,31.31,1,0.0
2025-08-01,delivery,IL,Critical,170038.96,112420.36,91.46,1,0.6611447164814465
2025-08-01,delivery,IL,High,320814.78,28525.5,62.01,1,0.08891579122383325
2025-08-01,delivery,IL,Low,241477.46,0.0,27.5,1,0.0
2025-08-01,delivery,IL,Medium,316193.67000000004,5450.31,45.489999999999995,2,0.017237252092997306
2025-08-01,delivery,NY,Low,411390.14,0.0,26.52,1,0.0
2025-08-01,delivery,TX,Critical,300793.01,159446.16,86.42,1,0.5300859883678812
2025-08-01,logistics,CA,Low,417275.71,0.0,20.72,1,0.0
2025-08-01,logistics,CO,Critical,636820.5800000001,253353.25,86.99000000000001,3,0.3978408643765878
2025-08-01,logistics,CO,Low,335354.19,0.0,26.53,1,0.0
2025-08-01,logistics,FL,Critical,774907.2100000001,217768.52999999997,94.63333333333333,3,0.2810252984999326
2025-08-01,logistics,GA,Critical,461655.11,125481.26,90.11,2,0.2718073671923614
2025-08-01,logistics,GA,Low,561767.08,0.0,27.03,1,0.0
2025-08-01,logistics,GA,Medium,709830.1,25629.03,48.04,1,0.0361058653331269
2025-08-01,logistics,IL,Critical,514538.29000000004,133702.44,88.22,2,0.25984934959845263
2025-08-01,logistics,IL,Low,60976.92,0.0,22.17,1,0.0
2025-08-01,logistics,NY,High,358465.5,44780.91,71.91,1,0.12492390481092323
2025-08-01,mixed_mobility,CA,Low,247888.19,0.0,32.83,1,0.0
2025-08-01,mixed_mobility,FL,Critical,97802.57,107827.27,94.45,1,1.1024993514996588
2025-08-01,mixed_mobility,GA,Critical,103660.63,57476.49,92.64,1,0.5544678823580369
2025-08-01,mixed_mobility,NV,High,701742.31,100474.23,75.41499999999999,2,0.14317824159697595
2025-08-01,mixed_mobility,NY,Critical,671107.82,161622.21,85.32,1,0.24082897737654138
2025-08-01,mixed_mobility,NY,Low,259630.13,0.0,28.25,1,0.0
2025-08-01,mixed_mobility,NY,Medium,310491.55,13824.42,54.67,1,0.044524303479434466
2025-08-01,mixed_mobility,TX,Critical,265210.36,124824.64000000001,93.97,2,0.47066275993139944
2025-08-01,mixed_mobility,WA,High,166429.8,26450.41,76.0,1,0.1589283289410911
2025-08-01,rideshare,AZ,High,458724.25,43865.74,64.56,1,0.09562550922476847
2025-08-01,rideshare,CA,Medium,307290.43,20371.97,48.83,1,0.06629549120680393
2025-08-01,rideshare,CO,Critical,1072523.79,267051.70999999996,86.935,4,0.24899374026938828
2025-08-01,rideshare,FL,Medium,649283.81,47525.84,58.41,2,0.07319732799128319
2025-08-01,rideshare,GA,Low,411112.44,0.0,28.38,1,0.0
2025-08-01,rideshare,GA,Medium,895254.5900000001,35997.869999999995,51.42,2,0.040209645839403056
2025-08-01,rideshare,IL,Critical,82023.67,71709.99,88.25,1,0.8742597106420623
2025-08-01,rideshare,IL,High,362134.88,35216.94,69.39,1,0.09724813030990001
2025-08-01,rideshare,NV,Critical,131879.89,56973.26,86.4,1,0.43200870125081237
2025-08-01,rideshare,NV,High,1012950.6499999999,143204.56,73.265,2,0.14137367896451816
2025-08-01,rideshare,TX,Critical,403766.64,129545.61,95.92,1,0.32084277690697777
2025-08-01,rideshare,TX,Low,621179.16,0.0,25.65,1,0.0
2025-08-01,rideshare,TX,Medium,289240.81,3507.98,43.71,1,0.012128233218542016
2025-09-01,autonomous_taxi,AZ,Critical,624715.55,343448.74,89.735,2,0.549768194500681
2025-09-01,autonomous_taxi,AZ,Medium,555266.28,24514.269999999997,53.745000000000005,2,0.04414867403797687
2025-09-01,autonomous_taxi,CO,Critical,115387.49,49584.53,84.06,1,0.42972188752870866
2025-09-01,autonomous_taxi,CO,High,835553.13,94237.18,72.55,1,0.11278418644664762
2025-09-01,autonomous_taxi,CO,Medium,790588.04,60389.82,59.41,1,0.07638595190486311
2025-09-01,autonomous_taxi,FL,Critical,301659.37,68800.81,85.39,1,0.22807450005613947
2025-09-01,autonomous_taxi,FL,High,339263.46,54073.1,73.5,1,0.15938380160362686
2025-09-01,autonomous_taxi,GA,Critical,269882.06,145559.38,99.96,1,0.5393444084427101
2025-09-01,autonomous_taxi,GA,High,520848.67,42663.67,68.04,1,0.08191183439135978
2025-09-01,autonomous_taxi,GA,Low,187675.55,0.0,30.07,1,0.0
2025-09-01,autonomous_taxi,IL,Low,393900.2,0.0,27.5,1,0.0
2025-09-01,autonomous_taxi,IL,Medium,214425.71,3579.62,37.95,1,0.01669398692908607
2025-09-01,autonomous_taxi,NV,Critical,756767.98,190015.18,84.44,2,0.25108776404625366
2025-09-01,autonomous_taxi,NY,High,793272.28,52001.82,63.35,2,0.0655535574746164
2025-09-01,autonomous_taxi,TX,High,259105.12,44759.11,78.33,1,0.1727449847382406
2025-09-01,delivery,AZ,Critical,640981.28,213573.63,92.39500000000001,2,0.3331979211623778
2025-09-01,delivery,AZ,High,182792.84,22771.51,66.74,1,0.1245755030667503
2025-09-01,delivery,CA,Critical,77248.35,26120.47,89.34,1,0.33813628381706534
2025-09-01,delivery,CA,Low,376950.96,0.0,30.77,1,0.0
2025-09-01,delivery,CA,Medium,475195.16,35991.57,57.7,1,0.07574060729069716
2025-09-01,delivery,GA,Critical,265753.48,185464.12,95.91499999999999,2,0.6978803062146167
2025-09-01,delivery,IL,Critical,557671.13,169618.62,86.29,3,0.30415528234355615
2025-09-01,delivery,IL,High,320814.78,52938.36,79.39,1,0.16501222294060142
2025-09-01,delivery,IL,Low,170038.96,0.0,30.34,1,0.0
2025-09-01,delivery,NY,High,411390.14,35534.01,61.05,1,0.08637545372380583
2025-09-01,delivery,TX,Critical,300793.01,67287.58,84.85,1,0.22370061059597096
2025-09-01,logistics,CA,Medium,417275.71,22258.57,50.08,1,0.053342596912722286
2025-09-01,logistics,CO,Critical,479529.94,163613.5,87.72,2,0.34119558832968805
2025-09-01,logistics,CO,Low,61350.52,0.0,26.15,1,0.0
2025-09-01,logistics,CO,Medium,431294.31,30521.42,51.52,1,0.07076703608726022
2025-09-01,logistics,FL,Critical,135859.17,62965.56,97.05,1,0.46346198051997517
2025-09-01,logistics,FL,High,415176.56,46613.759999999995,68.88,1,0.11227454652064171
2025-09-01,logistics,FL,Low,223871.48,0.0,32.0,1,0.0
2025-09-01,logistics,GA,Critical,79528.68,30651.02,88.86,1,0.38540838349133927
2025-09-01,logistics,GA,High,709830.1,110076.9,76.52,1,0.1550749961152676
2025-09-01,logistics,GA,Low,943893.51,0.0,26.465,2,0.0
2025-09-01,logistics,IL,Critical,575515.21,186677.99,86.11333333333334,3,0.32436673567671653
2025-09-01,logistics,NY,High,358465.5,30484.12,64.36,1,0.08504059665435028
2025-09-01,mixed_mobility,CA,Critical,247888.19,45967.93,84.71,1,0.1854381606481535
2025-09-01,mixed_mobility,FL,Critical,97802.57,86575.12,93.4,1,0.8852029144019425
2025-09-01,mixed_mobility,GA,Critical,103660.63,19925.32,86.09,1,0.19221685224178164
2025-09-01,mixed_mobility,NV,High,599098.76,60239.9,66.21,1,0.1005508674396188
2025-09-01,mixed_mobility,NV,Low,102643.55,0.0,18.21,1,0.0
2025-09-01,mixed_mobility,NY,Low,570121.6799999999,0.0,29.11,2,0.0
2025-09-01,mixed_mobility,NY,Medium,671107.82,11231.1,39.15,1,0.016735164850262066
2025-09-01,mixed_mobility,TX,Critical,265210.36,122361.42000000001,93.825,2,0.46137496287852414
2025-09-01,mixed_mobility,WA,Critical,166429.8,85966.16,90.77,1,0.5165310539338508
2025-09-01,rideshare,AZ,Low,458724.25,0.0,26.82,1,0.0
2025-09-01,rideshare,CA,Critical,307290.43,66420.13,80.06,1,0.21614773359521808
2025-09-01,rideshare,CO,Critical,328557.07999999996,100106.20999999999,87.83,2,0.3046843793474181
2025-09-01,rideshare,CO,High,321875.01,24575.26,62.54,1,0.07635031995804831
2025-09-01,rideshare,CO,Low,422091.7,0.0,28.16,1,0.0
2025-09-01,rideshare,FL,Critical,336660.54,131647.02000000002,92.85,1,0.3910378685901235
2025-09-01,rideshare,FL,Low,312623.27,0.0,24.19,1,0.0
2025-09-01,rideshare,GA,Critical,419053.26,94992.27,91.87,1,0.2266830474007051
2025-09-01,rideshare,GA,High,887313.77,93513.70000000001,68.255,2,0.10538966390660207
2025-09-01,rideshare,IL,Critical,82023.67,16180.39,82.5,1,0.19726488707467002
2025-09-01,rideshare,IL,Medium,362134.88,6495.63,50.1,1,0.017937045997888965
2025-09-01,rideshare,NV,Critical,131879.89,90431.14,84.99,1,0.6857083365780786
2025-09-01,rideshare,NV,High,601953.99,73414.49,68.56,1,0.12196030131804593
2025-09-01,rideshare,NV,Medium,410996.66,13907.86,50.02,1,0.0338393504219718
2025-09-01,rideshare,TX,High,289240.81,27760.21,60.44,1,0.09597611761632115
2025-09-01,rideshare,TX,Low,621179.16,0.0,24.81,1,0.0
2025-09-01,rideshare,TX,Medium,403766.64,24777.2,53.77,1,0.06136514893850567
2025-10-01,autonomous_taxi,AZ,Critical,616660.09,198376.61,89.85499999999999,2,0.3216952308361645
2025-10-01,autonomous_taxi,AZ,High,298871.25,30326.83,72.54,1,0.10147121879404594
2025-10-01,autonomous_taxi,AZ,Low,264450.49,0.0,25.12,1,0.0
2025-10-01,autonomous_taxi,CO,Critical,790588.04,151454.44,86.02,1,0.1915718836323403
2025-10-01,autonomous_taxi,CO,High,835553.13,55635.759999999995,61.9,1,0.06658554435670655
2025-10-01,autonomous_taxi,CO,Low,115387.49,0.0,21.58,1,0.0
2025-10-01,autonomous_taxi,FL,Critical,301659.37,69937.19,86.88,1,0.2318415966989522
2025-10-01,autonomous_taxi,FL,Low,339263.46,0.0,21.42,1,0.0
2025-10-01,autonomous_taxi,GA,Critical,187675.55,30068.59,80.54,1,0.16021580861225665
2025-10-01,autonomous_taxi,GA,Low,520848.67,0.0,34.01,1,0.0
2025-10-01,autonomous_taxi,GA,Medium,269882.06,14871.29,56.34,1,0.055102921624356954
2025-10-01,autonomous_taxi,IL,Critical,214425.71,54053.26,84.16,1,0.25208385692182156
2025-10-01,autonomous_taxi,IL,Low,393900.2,0.0,27.4,1,0.0
2025-10-01,autonomous_taxi,NV,Critical,756767.98,268613.87,87.19,2,0.35494877835608213
2025-10-01,autonomous_taxi,NY,Critical,651419.67,98983.94,83.75,1,0.15195110703365772
2025-10-01,autonomous_taxi,NY,Medium,141852.61,13953.36,59.71,1,0.09836519751028903
2025-10-01,autonomous_taxi,TX,Critical,259105.12,81261.60999999999,88.67,1,0.3136240997476236
2025-10-01,delivery,AZ,Critical,368092.39,159623.08000000002,87.83500000000001,2,0.4336494976166174
2025-10-01,delivery,AZ,High,455681.73,58977.65,75.85,1,0.1294272868916645
2025-10-01,delivery,CA,Critical,77248.35,51372.08,90.21,1,0.6650249487529507
2025-10-01,delivery,CA,High,852146.12,109506.63,73.86,2,0.1285068692209735
2025-10-01,delivery,GA,Critical,106351.76,82639.17,93.4,1,0.7770362239421332
2025-10-01,delivery,GA,Low,159401.72,0.0,30.85,1,0.0
2025-10-01,delivery,IL,Critical,633169.9299999999,164448.6,89.05666666666667,3,0.2597226940325483
2025-10-01,delivery,IL,Low,415354.94000000006,0.0,26.57,2,0.0
2025-10-01,delivery,NY,High,411390.14,64965.83,78.43,1,0.1579178100865519
2025-10-01,delivery,TX,Critical,300793.01,65058.57,86.26,1,0.21629016578543497
2025-10-01,logistics,CA,Low,417275.71,0.0,22.85,1,0.0
2025-10-01,logistics,CO,Critical,205526.27,240731.51,90.685,2,1.1712931393149888
2025-10-01,logistics,CO,High,431294.31,73660.12,76.37,1,0.17078852721242715
2025-10-01,logistics,CO,Medium,335354.19,7065.01,49.22,1,0.021067307970715977
2025-10-01,logistics,FL,Critical,135859.17,20966.65,82.32,1,0.15432635132394817
2025-10-01,logistics,FL,High,415176.56,50924.01,71.24,1,0.12265627423667656
2025-10-01,logistics,FL,Low,223871.48,0.0,33.34,1,0.0
2025-10-01,logistics,GA,Critical,461655.11,80919.01,85.575,2,0.17528022163558418
2025-10-01,logistics,GA,High,561767.08,50834.64,63.39,1,0.09049059976956998
2025-10-01,logistics,GA,Medium,709830.1,27591.64,48.18,1,0.03887076639888897
2025-10-01,logistics,IL,Critical,282578.31,152070.12,87.08500000000001,2,0.5381521320585433
2025-10-01,logistics,IL,High,292936.9,33622.3,67.63,1,0.11477659523262518
2025-10-01,logistics,NY,Low,358465.5,0.0,27.91,1,0.0
2025-10-01,mixed_mobility,CA,Critical,247888.19,87630.76000000001,97.48,1,0.3535092171998997
2025-10-01,mixed_mobility,FL,Critical,97802.57,22060.96,90.91,1,0.2255662606821068
2025-10-01,mixed_mobility,GA,Critical,103660.63,142711.46,94.13,1,1.3767180461859048
2025-10-01,mixed_mobility,NV,Critical,102643.55,44516.06,84.41,1,0.43369563893688395
2025-10-01,mixed_mobility,NV,Medium,599098.76,2648.76,39.23,1,0.004421240998729492
2025-10-01,mixed_mobility,NY,Critical,259630.13,116522.03,96.83,1,0.44880010652076474
2025-10-01,mixed_mobility,NY,Low,310491.55,0.0,30.88,1,0.0
2025-10-01,mixed_mobility,NY,Medium,671107.82,50649.94,53.13,1,0.0754721350140131
2025-10-01,mixed_mobility,TX,Critical,265210.36,77758.98000000001,85.555,2,0.2931973698161716
2025-10-01,mixed_mobility,WA,High,166429.8,26461.55,76.91,1,0.1589952640692953
2025-10-01,rideshare,AZ,Medium,458724.25,29526.81,58.7,1,0.06436723151217752
2025-10-01,rideshare,CA,Critical,307290.43,65817.72,82.39,1,0.21418734062105352
2025-10-01,rideshare,CO,Critical,580505.44,165331.7,87.965,2,0.28480646107295743
2025-10-01,rideshare,CO,High,321875.01,38272.53,72.63,1,0.11890494387868135
2025-10-01,rideshare,CO,Low,170143.34,0.0,25.16,1,0.0
2025-10-01,rideshare,FL,Critical,649283.81,291837.85000000003,92.47999999999999,2,0.44947655479042364
2025-10-01,rideshare,GA,Critical,419053.26,176031.82,94.86,1,0.42007027937212565
2025-10-01,rideshare,GA,High,411112.44,23464.48,60.69,1,0.057075577669213805
2025-10-01,rideshare,GA,Low,476201.33,0.0,26.01,1,0.0
2025-10-01,rideshare,IL,Critical,444158.55,102236.97,90.94999999999999,2,0.23018124946598462
2025-10-01,rideshare,NV,Critical,131879.89,54070.89,84.73,1,0.41000102441699027
2025-10-01,rideshare,NV,Medium,1012950.6499999999,43925.15,50.68,2,0.04336356366423182
2025-10-01,rideshare,TX,Low,1024945.8,0.0,26.725,2,0.0
2025-10-01,rideshare,TX,Medium,289240.81,4399.21,43.32,1,0.015209506569975379
2025-11-01,autonomous_taxi,AZ,Critical,563321.74,310515.31,93.745,2,0.5512219535500263
2025-11-01,autonomous_taxi,AZ,High,256395.03,23285.78,61.0,1,0.09081993516020961
2025-11-01,autonomous_taxi,AZ,Medium,360265.06,14683.47,49.27,1,0.04075740789295526
2025-11-01,autonomous_taxi,CO,Critical,115387.49,62535.8,85.01,1,0.541963431217717
2025-11-01,autonomous_taxi,CO,High,835553.13,63889.33,64.51,1,0.07646351585087115
2025-11-01,autonomous_taxi,CO,Low,790588.04,0.0,25.02,1,0.0
2025-11-01,autonomous_taxi,FL,Low,640922.8300000001,0.0,22.59,2,0.0
2025-11-01,autonomous_taxi,GA,Critical,187675.55,123405.7,93.03,1,0.6575480929721533
2025-11-01,autonomous_taxi,GA,Low,269882.06,0.0,30.37,1,0.0
2025-11-01,autonomous_taxi,GA,Medium,520848.67,10579.82,54.3,1,0.020312656265398545
2025-11-01,autonomous_taxi,IL,Low,214425.71,0.0,19.25,1,0.0
2025-11-01,autonomous_taxi,IL,Medium,393900.2,15575.37,52.96,1,0.03954141175861297
2025-11-01,autonomous_taxi,NV,Critical,347775.29,79512.32,91.07,1,0.22863130960224348
2025-11-01,autonomous_taxi,NV,High,408992.69,56155.1,65.17,1,0.13730098696874019
2025-11-01,autonomous_taxi,NY,High,651419.67,62512.94,71.73,1,0.09596415779093682
2025-11-01,autonomous_taxi,NY,Low,141852.61,0.0,22.75,1,0.0
2025-11-01,autonomous_taxi,TX,High,259105.12,40334.31,74.13,1,0.15566774597121044
2025-11-01,delivery,AZ,Critical,185299.55,91851.1,92.4,1,0.4956898168398143
2025-11-01,delivery,AZ,High,455681.73,63701.51,77.8,1,0.13979386445886255
2025-11-01,delivery,AZ,Low,182792.84,0.0,22.55,1,0.0
2025-11-01,delivery,CA,Critical,929394.47,325979.92000000004,92.31,3,0.3507444153395921
2025-11-01,delivery,GA,High,265753.48,26611.379999999997,69.275,2,0.10013558430166182
2025-11-01,delivery,IL,Critical,264579.12,155080.51,92.255,2,0.586140395356973
2025-11-01,delivery,IL,High,221653.51,25453.629999999997,74.75,1,0.11483522187399603
2025-11-01,delivery,IL,Low,320814.78,0.0,25.3,1,0.0
2025-11-01,delivery,IL,Medium,241477.46,5662.09,47.73,1,0.02344769569797529
2025-11-01,delivery,NY,High,411390.14,52518.36,70.84,1,0.12766071641872603
2025-11-01,delivery,TX,Medium,300793.01,25125.8,55.39,1,0.08353186132882542
2025-11-01,logistics,CA,Medium,417275.71,14448.95,45.45,1,0.034626865771793906
2025-11-01,logistics,CO,Critical,479529.94,147964.85,90.86,2,0.3085622766328209
2025-11-01,logistics,CO,Low,61350.52,0.0,23.7,1,0.0
2025-11-01,logistics,CO,Medium,431294.31,7297.78,38.61,1,0.016920649845809467
2025-11-01,logistics,FL,Critical,415176.56,70318.9,82.62,1,0.16937107432076606
2025-11-01,logistics,FL,Low,359730.65,0.0,32.62,2,0.0
2025-11-01,logistics,GA,High,382126.43,37175.81,64.09,1,0.09728667551208117
2025-11-01,logistics,GA,Low,641295.76,0.0,26.435000000000002,2,0.0
2025-11-01,logistics,GA,Medium,709830.1,22636.3,46.56,1,0.03188974375699199
2025-11-01,logistics,IL,Critical,221601.39,59896.29,88.23,1,0.27028842192731733
2025-11-01,logistics,IL,High,353913.82,55208.31,74.87,2,0.1559936540483217
2025-11-01,logistics,NY,Medium,358465.5,9590.9,48.55,1,0.026755433925998457
2025-11-01,mixed_mobility,CA,Critical,247888.19,43830.31,84.52,1,0.1768148373667983
2025-11-01,mixed_mobility,FL,Critical,97802.57,101296.32,91.87,1,1.035722476413452
2025-11-01,mixed_mobility,GA,Critical,103660.63,23125.85,90.24,1,0.2230919298869783
2025-11-01,mixed_mobility,NV,Critical,102643.55,85312.41,82.48,1,0.8311521766345766
2025-11-01,mixed_mobility,NV,Medium,599098.76,27259.98,51.7,1,0.04550164650649586
2025-11-01,mixed_mobility,NY,Critical,259630.13,136954.72999999998,95.85,1,0.5274993699691172
2025-11-01,mixed_mobility,NY,High,310491.55,20660.94,61.48,1,0.066542680469082
2025-11-01,mixed_mobility,NY,Low,671107.82,0.0,20.47,1,0.0
2025-11-01,mixed_mobility,TX,Critical,265210.36,85292.69,93.56,2,0.32160391471886696
2025-11-01,mixed_mobility,WA,Critical,166429.8,53409.73,88.27,1,0.3209144636357191
2025-11-01,rideshare,AZ,Low,458724.25,0.0,27.86,1,0.0
2025-11-01,rideshare,CA,Low,307290.43,0.0,17.91,1,0.0
2025-11-01,rideshare,CO,Critical,328557.07999999996,169881.08000000002,91.25999999999999,2,0.517051953347041
2025-11-01,rideshare,CO,Low,422091.7,0.0,29.76,1,0.0
2025-11-01,rideshare,CO,Medium,321875.01,13137.26,53.66,1,0.04081478708148234
2025-11-01,rideshare,FL,Critical,649283.81,204780.11,90.505,2,0.31539383370732743
2025-11-01,rideshare,GA,Critical,411112.44,76740.38,92.26,1,0.18666518580658858
2025-11-01,rideshare,GA,Low,895254.5900000001,0.0,27.009999999999998,2,0.0
2025-11-01,rideshare,IL,Critical,362134.88,121054.69,96.98,1,0.33428066912527177
2025-11-01,rideshare,IL,Low,82023.67,0.0,25.76,1,0.0
2025-11-01,rideshare,NV,High,542876.55,57813.17,67.10499999999999,2,0.10649413757142391
2025-11-01,rideshare,NV,Low,601953.99,0.0,24.41,1,0.0
2025-11-01,rideshare,TX,Critical,403766.64,86827.68000000001,94.68,1,0.21504421464834242
2025-11-01,rideshare,TX,High,289240.81,45729.600000000006,76.09,1,0.15810217099032467
2025-11-01,rideshare,TX,Low,621179.16,0.0,25.65,1,0.0
2025-12-01,autonomous_taxi,AZ,Low,881110.58,0.0,25.486666666666668,3,0.0
2025-12-01,autonomous_taxi,AZ,Medium,298871.25,0.0,35.56,1,0.0
2025-12-01,autonomous_taxi,CO,Low,1741528.6600000001,0.0,25.353333333333335,3,0.0
2025-12-01,autonomous_taxi,FL,Low,640922.8300000001,0.0,21.884999999999998,2,0.0
2025-12-01,autonomous_taxi,GA,Low,978406.28,0.0,32.06666666666667,3,0.0
2025-12-01,autonomous_taxi,IL,Low,608325.91,0.0,24.759999999999998,2,0.0
2025-12-01,autonomous_taxi,NV,Low,756767.98,0.0,21.5,2,0.0
2025-12-01,autonomous_taxi,NY,Low,793272.28,0.0,26.985,2,0.0
2025-12-01,autonomous_taxi,TX,Low,259105.12,0.0,24.7,1,0.0
2025-12-01,delivery,AZ,Low,823774.12,0.0,26.256666666666664,3,0.0
2025-12-01,delivery,CA,Low,929394.47,0.0,28.026666666666667,3,0.0
2025-12-01,delivery,GA,Low,265753.48,0.0,30.83,2,0.0
2025-12-01,delivery,IL,Low,1048524.87,0.0,28.15,5,0.0
2025-12-01,delivery,NY,Low,411390.14,0.0,24.85,1,0.0
2025-12-01,delivery,TX,Low,300793.01,0.0,23.44,1,0.0
2025-12-01,logistics,CA,Low,417275.71,0.0,21.2,1,0.0
2025-12-01,logistics,CO,Low,972174.77,0.0,24.1075,4,0.0
2025-12-01,logistics,FL,Low,774907.2100000001,0.0,30.650000000000002,3,0.0
2025-12-01,logistics,GA,Low,1733252.2899999998,0.0,26.18,4,0.0
2025-12-01,logistics,IL,Low,575515.21,0.0,23.89,3,0.0
2025-12-01,logistics,NY,Low,358465.5,0.0,26.95,1,0.0
2025-12-01,mixed_mobility,CA,Low,247888.19,0.0,27.67,1,0.0
2025-12-01,mixed_mobility,FL,Low,97802.57,0.0,29.47,1,0.0
2025-12-01,mixed_mobility,GA,Low,103660.63,0.0,28.13,1,0.0
2025-12-01,mixed_mobility,NV,Low,701742.31,0.0,19.205,2,0.0
2025-12-01,mixed_mobility,NY,Low,1241229.5,0.0,27.256666666666664,3,0.0
2025-12-01,mixed_mobility,TX,Low,80041.07,0.0,25.41,1,0.0
2025-12-01,mixed_mobility,TX,Medium,185169.29,0.0,40.33,1,0.0
2025-12-01,mixed_mobility,WA,Low,166429.8,0.0,26.46,1,0.0
2025-12-01,rideshare,AZ,Low,458724.25,0.0,26.91,1,0.0
2025-12-01,rideshare,CA,Low,307290.43,0.0,17.42,1,0.0
2025-12-01,rideshare,CO,Low,1072523.79,0.0,27.4225,4,0.0
2025-12-01,rideshare,FL,Low,649283.81,0.0,26.009999999999998,2,0.0
2025-12-01,rideshare,GA,Low,1306367.03,0.0,28.376666666666665,3,0.0
2025-12-01,rideshare,IL,Low,444158.55,0.0,28.955,2,0.0
2025-12-01,rideshare,NV,Low,1144830.54,0.0,23.560000000000002,3,0.0
2025-12-01,rideshare,TX,Low,1314186.61,0.0,29.816666666666666,3,0.0
